<?xml version="1.0" encoding="UTF-8"?>
<metadata xml:lang="en"><Esri><CreaDate>20190918</CreaDate><CreaTime>18493500</CreaTime><ArcGISFormat>1.0</ArcGISFormat><SyncOnce>FALSE</SyncOnce><DataProperties><itemProps><itemName Sync="TRUE">YuleBrookDrains</itemName><imsContentType Sync="TRUE">002</imsContentType><itemLocation><linkage Sync="TRUE">file://\\SCI-35526\C$\Dan\Uni\Big Swan\AED_SwanCatchments\3_Data\Spatial\OverviewSpatial\YuleBrook\YuleBrookDrains.shp</linkage><protocol Sync="TRUE">Local Area Network</protocol></itemLocation><itemSize Sync="TRUE">0.000</itemSize></itemProps><coordRef><type Sync="TRUE">Projected</type><geogcsn Sync="TRUE">GCS_WGS_1984</geogcsn><csUnits Sync="TRUE">Linear Unit: Meter (1.000000)</csUnits><peXml Sync="TRUE">&lt;ProjectedCoordinateSystem xsi:type='typens:ProjectedCoordinateSystem' xmlns:xsi='http://www.w3.org/2001/XMLSchema-instance' xmlns:xs='http://www.w3.org/2001/XMLSchema' xmlns:typens='http://www.esri.com/schemas/ArcGIS/10.5'&gt;&lt;WKT&gt;PROJCS[&amp;quot;WGS_1984_UTM_Zone_50S&amp;quot;,GEOGCS[&amp;quot;GCS_WGS_1984&amp;quot;,DATUM[&amp;quot;D_WGS_1984&amp;quot;,SPHEROID[&amp;quot;WGS_1984&amp;quot;,6378137.0,298.257223563]],PRIMEM[&amp;quot;Greenwich&amp;quot;,0.0],UNIT[&amp;quot;Degree&amp;quot;,0.0174532925199433]],PROJECTION[&amp;quot;Transverse_Mercator&amp;quot;],PARAMETER[&amp;quot;False_Easting&amp;quot;,500000.0],PARAMETER[&amp;quot;False_Northing&amp;quot;,10000000.0],PARAMETER[&amp;quot;Central_Meridian&amp;quot;,117.0],PARAMETER[&amp;quot;Scale_Factor&amp;quot;,0.9996],PARAMETER[&amp;quot;Latitude_Of_Origin&amp;quot;,0.0],UNIT[&amp;quot;Meter&amp;quot;,1.0],AUTHORITY[&amp;quot;EPSG&amp;quot;,32750]]&lt;/WKT&gt;&lt;XOrigin&gt;-5120900&lt;/XOrigin&gt;&lt;YOrigin&gt;1900&lt;/YOrigin&gt;&lt;XYScale&gt;450445547.3910538&lt;/XYScale&gt;&lt;ZOrigin&gt;-100000&lt;/ZOrigin&gt;&lt;ZScale&gt;10000&lt;/ZScale&gt;&lt;MOrigin&gt;-100000&lt;/MOrigin&gt;&lt;MScale&gt;10000&lt;/MScale&gt;&lt;XYTolerance&gt;0.001&lt;/XYTolerance&gt;&lt;ZTolerance&gt;0.001&lt;/ZTolerance&gt;&lt;MTolerance&gt;0.001&lt;/MTolerance&gt;&lt;HighPrecision&gt;true&lt;/HighPrecision&gt;&lt;WKID&gt;32750&lt;/WKID&gt;&lt;LatestWKID&gt;32750&lt;/LatestWKID&gt;&lt;/ProjectedCoordinateSystem&gt;</peXml><projcsn Sync="TRUE">WGS_1984_UTM_Zone_50S</projcsn></coordRef><lineage><Process ToolSource="c:\program files (x86)\arcgis\desktop10.4\ArcToolbox\Toolboxes\Data Management Tools.tbx\CopyFeatures" Date="20171016" Time="104919">CopyFeatures U:\GeoShare\WaterCorporationDrainageNetwork\src\src_Drainage\DrainOpenChannel.shp U:\GeoShare\WaterCorporationDrainageNetwork\src\src_Drainage\Drainage.gdb\DrainOpenChannel # 0 0 0</Process><Process ToolSource="c:\program files (x86)\arcgis\desktop10.5\ArcToolbox\Toolboxes\Data Management Tools.tbx\Merge" Date="20190904" Time="155858">Merge OpenChannel;PressureMain;GravityPipe "C:\Dan\Uni\Big Swan\AED_SwanCatchments\3_Data\Spatial\OverviewSpatial\YuleBrook\YuleDrains.shp" "OBJECTID "OBJECTID" true true false 10 Long 0 10 ,First,#,OpenChannel,OBJECTID,-1,-1,PressureMain,OBJECTID,-1,-1,GravityPipe,OBJECTID,-1,-1;ID "ID" true true false 19 Double 0 0 ,First,#,OpenChannel,ID,-1,-1,PressureMain,ID,-1,-1,GravityPipe,ID,-1,-1;DRAINNUM "DRAINNUM" true true false 19 Double 0 0 ,First,#,OpenChannel,DRAINNUM,-1,-1,PressureMain,DRAINNUM,-1,-1,GravityPipe,DRAINNUM,-1,-1;RELNOGRA "RELNOGRA" true true false 23 Text 0 0 ,First,#,OpenChannel,RELNOGRA,-1,-1,PressureMain,RELNOGRA,-1,-1,GravityPipe,RELNOGRA,-1,-1;STATUS "STATUS" true true false 36 Text 0 0 ,First,#,OpenChannel,STATUS,-1,-1,PressureMain,STATUS,-1,-1,GravityPipe,STATUS,-1,-1;ODTYPE "ODTYPE" true true false 33 Text 0 0 ,First,#,OpenChannel,ODTYPE,-1,-1;DOWNSTREAM "DOWNSTREAM" true true false 19 Double 0 0 ,First,#,OpenChannel,DOWNSTREAM,-1,-1,GravityPipe,DOWNSTREAM,-1,-1;UPSTREAM "UPSTREAM" true true false 19 Double 0 0 ,First,#,OpenChannel,UPSTREAM,-1,-1,PressureMain,UPSTREAM,-1,-1,GravityPipe,UPSTREAM,-1,-1;CHLWIDTH "CHLWIDTH" true true false 19 Double 0 0 ,First,#,OpenChannel,CHLWIDTH,-1,-1;SDSLOPE "SDSLOPE" true true false 19 Double 0 0 ,First,#,OpenChannel,SDSLOPE,-1,-1;FLOW_GRADE "FLOW_GRADE" true true false 19 Double 0 0 ,First,#,OpenChannel,FLOW_GRADE,-1,-1,GravityPipe,FLOW_GRADE,-1,-1;LENGTH "LENGTH" true true false 19 Double 0 0 ,First,#,OpenChannel,LENGTH,-1,-1,PressureMain,LENGTH,-1,-1,GravityPipe,LENGTH,-1,-1;DISPLAYED "DISPLAYED" true true false 19 Double 0 0 ,First,#,OpenChannel,DISPLAYED,-1,-1,PressureMain,DISPLAYED,-1,-1,GravityPipe,DISPLAYED,-1,-1;OWNER "OWNER" true true false 25 Text 0 0 ,First,#,OpenChannel,OWNER,-1,-1,PressureMain,OWNER,-1,-1,GravityPipe,OWNER,-1,-1;MAINTAIN "MAINTAIN" true true false 25 Text 0 0 ,First,#,OpenChannel,MAINTAIN,-1,-1,GravityPipe,MAINTAIN,-1,-1;MAINTYPE "MAINTYPE" true true false 32 Text 0 0 ,First,#,OpenChannel,MAINTYPE,-1,-1,PressureMain,MAINTYPE,-1,-1,GravityPipe,MAINTYPE,-1,-1;MAINNAME "MAINNAME" true true false 41 Text 0 0 ,First,#,OpenChannel,MAINNAME,-1,-1,PressureMain,MAINNAME,-1,-1,GravityPipe,MAINNAME,-1,-1;SUBSECT "SUBSECT" true true false 9 Text 0 0 ,First,#,OpenChannel,SUBSECT,-1,-1,PressureMain,SUBSECT,-1,-1,GravityPipe,SUBSECT,-1,-1;PLANFORM "PLANFORM" true true false 34 Text 0 0 ,First,#,OpenChannel,PLANFORM,-1,-1,PressureMain,PLANFORM,-1,-1,GravityPipe,PLANFORM,-1,-1;PLANSET "PLANSET" true true false 17 Text 0 0 ,First,#,OpenChannel,PLANSET,-1,-1,PressureMain,PLANSET,-1,-1,GravityPipe,PLANSET,-1,-1;BOOKTYPE "BOOKTYPE" true true false 16 Text 0 0 ,First,#,OpenChannel,BOOKTYPE,-1,-1,PressureMain,BOOKTYPE,-1,-1,GravityPipe,BOOKTYPE,-1,-1;FBOOK "FBOOK" true true false 6 Text 0 0 ,First,#,OpenChannel,FBOOK,-1,-1,PressureMain,FBOOK,-1,-1,GravityPipe,FBOOK,-1,-1;LBOOK "LBOOK" true true false 6 Text 0 0 ,First,#,OpenChannel,LBOOK,-1,-1,PressureMain,LBOOK,-1,-1,GravityPipe,LBOOK,-1,-1;PSECT_FL "PSECT_FL" true true false 40 Text 0 0 ,First,#,OpenChannel,PSECT_FL,-1,-1,PressureMain,PSECT_FL,-1,-1,GravityPipe,PSECT_FL,-1,-1;DATEINST "DATEINST" true true false 8 Date 0 0 ,First,#,OpenChannel,DATEINST,-1,-1,PressureMain,DATEINST,-1,-1,GravityPipe,DATEINST,-1,-1;Shape_Leng "Shape_Leng" true true false 19 Double 0 0 ,First,#,OpenChannel,Shape_Leng,-1,-1,PressureMain,Shape_Leng,-1,-1,GravityPipe,Shape_Leng,-1,-1;DIAMETER "DIAMETER" true true false 19 Double 0 0 ,First,#,PressureMain,DIAMETER,-1,-1;MATERIAL "MATERIAL" true true false 98 Text 0 0 ,First,#,PressureMain,MATERIAL,-1,-1,GravityPipe,MATERIAL,-1,-1;SITUATE "SITUATE" true true false 17 Text 0 0 ,First,#,PressureMain,SITUATE,-1,-1,GravityPipe,SITUATE,-1,-1;INDIAM1 "INDIAM1" true true false 10 Long 0 10 ,First,#,PressureMain,INDIAM1,-1,-1,GravityPipe,INDIAM1,-1,-1;INDIAM2 "INDIAM2" true true false 10 Long 0 10 ,First,#,PressureMain,INDIAM2,-1,-1,GravityPipe,INDIAM2,-1,-1;OUTDIAM "OUTDIAM" true true false 10 Long 0 10 ,First,#,PressureMain,OUTDIAM,-1,-1,GravityPipe,OUTDIAM,-1,-1;PTHICK "PTHICK" true true false 10 Long 0 10 ,First,#,PressureMain,PTHICK,-1,-1,GravityPipe,PTHICK,-1,-1;PRESCLAS "PRESCLAS" true true false 10 Long 0 10 ,First,#,PressureMain,PRESCLAS,-1,-1;OPCODE "OPCODE" true true false 15 Text 0 0 ,First,#,PressureMain,OPCODE,-1,-1,GravityPipe,OPCODE,-1,-1;HEIGHT "HEIGHT" true true false 19 Double 0 0 ,First,#,GravityPipe,HEIGHT,-1,-1;JOINT_TYPE "JOINT_TYPE" true true false 33 Text 0 0 ,First,#,GravityPipe,JOINT_TYPE,-1,-1;PCLASS "PCLASS" true true false 8 Text 0 0 ,First,#,GravityPipe,PCLASS,-1,-1;BEDDING "BEDDING" true true false 22 Text 0 0 ,First,#,GravityPipe,BEDDING,-1,-1;EXCAVATE "EXCAVATE" true true false 18 Text 0 0 ,First,#,GravityPipe,EXCAVATE,-1,-1;SHAPE_1 "SHAPE_1" true true false 10 Text 0 0 ,First,#,GravityPipe,SHAPE_1,-1,-1;DS_ID "DS_ID" true true false 19 Double 0 0 ,First,#,GravityPipe,DS_ID,-1,-1;US_ID "US_ID" true true false 19 Double 0 0 ,First,#,GravityPipe,US_ID,-1,-1"</Process><Process ToolSource="c:\program files (x86)\arcgis\desktop10.5\ArcToolbox\Toolboxes\Analysis Tools.tbx\Clip" Date="20190904" Time="160057">Clip YuleDrains YuleBrook "C:\Dan\Uni\Big Swan\AED_SwanCatchments\3_Data\Spatial\OverviewSpatial\YuleBrook\YuleBrookDrains.shp" #</Process></lineage></DataProperties><SyncDate>20190904</SyncDate><SyncTime>16005300</SyncTime><ModDate>20190904</ModDate><ModTime>16005300</ModTime></Esri><dataIdInfo><envirDesc Sync="TRUE"> Version 6.2 (Build 9200) ; Esri ArcGIS 10.5.1.7333</envirDesc><dataLang><languageCode value="eng" Sync="TRUE"></languageCode><countryCode value="AUS" Sync="TRUE"></countryCode></dataLang><idCitation><resTitle Sync="TRUE">YuleBrookDrains</resTitle><presForm><PresFormCd value="005" Sync="TRUE"></PresFormCd></presForm></idCitation><spatRpType><SpatRepTypCd value="001" Sync="TRUE"></SpatRepTypCd></spatRpType></dataIdInfo><mdLang><languageCode value="eng" Sync="TRUE"></languageCode><countryCode value="AUS" Sync="TRUE"></countryCode></mdLang><distInfo><distFormat><formatName Sync="TRUE">Shapefile</formatName></distFormat><distTranOps><transSize Sync="TRUE">0.000</transSize></distTranOps></distInfo><mdHrLv><ScopeCd value="005" Sync="TRUE"></ScopeCd></mdHrLv><mdHrLvName Sync="TRUE">dataset</mdHrLvName><refSysInfo><RefSystem><refSysID><identCode code="32750" Sync="TRUE"></identCode><idCodeSpace Sync="TRUE">EPSG</idCodeSpace><idVersion Sync="TRUE">6.11.1(3.0.1)</idVersion></refSysID></RefSystem></refSysInfo><spatRepInfo><VectSpatRep><geometObjs Name="YuleBrookDrains"><geoObjTyp><GeoObjTypCd value="002" Sync="TRUE"></GeoObjTypCd></geoObjTyp><geoObjCnt Sync="TRUE">0</geoObjCnt></geometObjs><topLvl><TopoLevCd value="001" Sync="TRUE"></TopoLevCd></topLvl></VectSpatRep></spatRepInfo><spdoinfo><ptvctinf><esriterm Name="YuleBrookDrains"><efeatyp Sync="TRUE">Simple</efeatyp><efeageom code="3" Sync="TRUE"></efeageom><esritopo Sync="TRUE">FALSE</esritopo><efeacnt Sync="TRUE">0</efeacnt><spindex Sync="TRUE">FALSE</spindex><linrefer Sync="TRUE">FALSE</linrefer></esriterm></ptvctinf></spdoinfo><eainfo><detailed Name="YuleBrookDrains"><enttyp><enttypl Sync="TRUE">YuleBrookDrains</enttypl><enttypt Sync="TRUE">Feature Class</enttypt><enttypc Sync="TRUE">0</enttypc></enttyp><attr><attrlabl Sync="TRUE">FID</attrlabl><attalias Sync="TRUE">FID</attalias><attrtype Sync="TRUE">OID</attrtype><attwidth Sync="TRUE">4</attwidth><atprecis Sync="TRUE">0</atprecis><attscale Sync="TRUE">0</attscale><attrdef Sync="TRUE">Internal feature number.</attrdef><attrdefs Sync="TRUE">Esri</attrdefs><attrdomv><udom Sync="TRUE">Sequential unique whole numbers that are automatically generated.</udom></attrdomv></attr><attr><attrlabl Sync="TRUE">OBJECTID</attrlabl><attalias Sync="TRUE">OBJECTID</attalias><attrtype Sync="TRUE">Integer</attrtype><attwidth Sync="TRUE">10</attwidth><atprecis Sync="TRUE">10</atprecis><attscale Sync="TRUE">0</attscale><attrdef Sync="TRUE">Internal feature number.</attrdef><attrdefs Sync="TRUE">Esri</attrdefs><attrdomv><udom Sync="TRUE">Sequential unique whole numbers that are automatically generated.</udom></attrdomv></attr><attr><attrlabl Sync="TRUE">Shape</attrlabl><attalias Sync="TRUE">Shape</attalias><attrtype Sync="TRUE">Geometry</attrtype><attwidth Sync="TRUE">0</attwidth><atprecis Sync="TRUE">0</atprecis><attscale Sync="TRUE">0</attscale><attrdef Sync="TRUE">Feature geometry.</attrdef><attrdefs Sync="TRUE">Esri</attrdefs><attrdomv><udom Sync="TRUE">Coordinates defining the features.</udom></attrdomv></attr><attr><attrlabl Sync="TRUE">ID</attrlabl><attalias Sync="TRUE">ID</attalias><attrtype Sync="TRUE">Double</attrtype><attwidth Sync="TRUE">19</attwidth><atprecis Sync="TRUE">0</atprecis><attscale Sync="TRUE">0</attscale></attr><attr><attrlabl Sync="TRUE">DRAINNUM</attrlabl><attalias Sync="TRUE">DRAINNUM</attalias><attrtype Sync="TRUE">Double</attrtype><attwidth Sync="TRUE">19</attwidth><atprecis Sync="TRUE">0</atprecis><attscale Sync="TRUE">0</attscale></attr><attr><attrlabl Sync="TRUE">RELNOGRA</attrlabl><attalias Sync="TRUE">RELNOGRA</attalias><attrtype Sync="TRUE">String</attrtype><attwidth Sync="TRUE">23</attwidth><atprecis Sync="TRUE">0</atprecis><attscale Sync="TRUE">0</attscale></attr><attr><attrlabl Sync="TRUE">STATUS</attrlabl><attalias Sync="TRUE">STATUS</attalias><attrtype Sync="TRUE">String</attrtype><attwidth Sync="TRUE">36</attwidth><atprecis Sync="TRUE">0</atprecis><attscale Sync="TRUE">0</attscale></attr><attr><attrlabl Sync="TRUE">ODTYPE</attrlabl><attalias Sync="TRUE">ODTYPE</attalias><attrtype Sync="TRUE">String</attrtype><attwidth Sync="TRUE">33</attwidth><atprecis Sync="TRUE">0</atprecis><attscale Sync="TRUE">0</attscale></attr><attr><attrlabl Sync="TRUE">DOWNSTREAM</attrlabl><attalias Sync="TRUE">DOWNSTREAM</attalias><attrtype Sync="TRUE">Double</attrtype><attwidth Sync="TRUE">19</attwidth><atprecis Sync="TRUE">0</atprecis><attscale Sync="TRUE">0</attscale></attr><attr><attrlabl Sync="TRUE">UPSTREAM</attrlabl><attalias Sync="TRUE">UPSTREAM</attalias><attrtype Sync="TRUE">Double</attrtype><attwidth Sync="TRUE">19</attwidth><atprecis Sync="TRUE">0</atprecis><attscale Sync="TRUE">0</attscale></attr><attr><attrlabl Sync="TRUE">CHLWIDTH</attrlabl><attalias Sync="TRUE">CHLWIDTH</attalias><attrtype Sync="TRUE">Double</attrtype><attwidth Sync="TRUE">19</attwidth><atprecis Sync="TRUE">0</atprecis><attscale Sync="TRUE">0</attscale></attr><attr><attrlabl Sync="TRUE">SDSLOPE</attrlabl><attalias Sync="TRUE">SDSLOPE</attalias><attrtype Sync="TRUE">Double</attrtype><attwidth Sync="TRUE">19</attwidth><atprecis Sync="TRUE">0</atprecis><attscale Sync="TRUE">0</attscale></attr><attr><attrlabl Sync="TRUE">FLOW_GRADE</attrlabl><attalias Sync="TRUE">FLOW_GRADE</attalias><attrtype Sync="TRUE">Double</attrtype><attwidth Sync="TRUE">19</attwidth><atprecis Sync="TRUE">0</atprecis><attscale Sync="TRUE">0</attscale></attr><attr><attrlabl Sync="TRUE">LENGTH</attrlabl><attalias Sync="TRUE">LENGTH</attalias><attrtype Sync="TRUE">Double</attrtype><attwidth Sync="TRUE">19</attwidth><atprecis Sync="TRUE">0</atprecis><attscale Sync="TRUE">0</attscale></attr><attr><attrlabl Sync="TRUE">DISPLAYED</attrlabl><attalias Sync="TRUE">DISPLAYED</attalias><attrtype Sync="TRUE">Double</attrtype><attwidth Sync="TRUE">19</attwidth><atprecis Sync="TRUE">0</atprecis><attscale Sync="TRUE">0</attscale></attr><attr><attrlabl Sync="TRUE">OWNER</attrlabl><attalias Sync="TRUE">OWNER</attalias><attrtype Sync="TRUE">String</attrtype><attwidth Sync="TRUE">25</attwidth><atprecis Sync="TRUE">0</atprecis><attscale Sync="TRUE">0</attscale></attr><attr><attrlabl Sync="TRUE">MAINTAIN</attrlabl><attalias Sync="TRUE">MAINTAIN</attalias><attrtype Sync="TRUE">String</attrtype><attwidth Sync="TRUE">25</attwidth><atprecis Sync="TRUE">0</atprecis><attscale Sync="TRUE">0</attscale></attr><attr><attrlabl Sync="TRUE">MAINTYPE</attrlabl><attalias Sync="TRUE">MAINTYPE</attalias><attrtype Sync="TRUE">String</attrtype><attwidth Sync="TRUE">32</attwidth><atprecis Sync="TRUE">0</atprecis><attscale Sync="TRUE">0</attscale></attr><attr><attrlabl Sync="TRUE">MAINNAME</attrlabl><attalias Sync="TRUE">MAINNAME</attalias><attrtype Sync="TRUE">String</attrtype><attwidth Sync="TRUE">41</attwidth><atprecis Sync="TRUE">0</atprecis><attscale Sync="TRUE">0</attscale></attr><attr><attrlabl Sync="TRUE">SUBSECT</attrlabl><attalias Sync="TRUE">SUBSECT</attalias><attrtype Sync="TRUE">String</attrtype><attwidth Sync="TRUE">9</attwidth><atprecis Sync="TRUE">0</atprecis><attscale Sync="TRUE">0</attscale></attr><attr><attrlabl Sync="TRUE">PLANFORM</attrlabl><attalias Sync="TRUE">PLANFORM</attalias><attrtype Sync="TRUE">String</attrtype><attwidth Sync="TRUE">34</attwidth><atprecis Sync="TRUE">0</atprecis><attscale Sync="TRUE">0</attscale></attr><attr><attrlabl Sync="TRUE">PLANSET</attrlabl><attalias Sync="TRUE">PLANSET</attalias><attrtype Sync="TRUE">String</attrtype><attwidth Sync="TRUE">17</attwidth><atprecis Sync="TRUE">0</atprecis><attscale Sync="TRUE">0</attscale></attr><attr><attrlabl Sync="TRUE">BOOKTYPE</attrlabl><attalias Sync="TRUE">BOOKTYPE</attalias><attrtype Sync="TRUE">String</attrtype><attwidth Sync="TRUE">16</attwidth><atprecis Sync="TRUE">0</atprecis><attscale Sync="TRUE">0</attscale></attr><attr><attrlabl Sync="TRUE">FBOOK</attrlabl><attalias Sync="TRUE">FBOOK</attalias><attrtype Sync="TRUE">String</attrtype><attwidth Sync="TRUE">6</attwidth><atprecis Sync="TRUE">0</atprecis><attscale Sync="TRUE">0</attscale></attr><attr><attrlabl Sync="TRUE">LBOOK</attrlabl><attalias Sync="TRUE">LBOOK</attalias><attrtype Sync="TRUE">String</attrtype><attwidth Sync="TRUE">6</attwidth><atprecis Sync="TRUE">0</atprecis><attscale Sync="TRUE">0</attscale></attr><attr><attrlabl Sync="TRUE">PSECT_FL</attrlabl><attalias Sync="TRUE">PSECT_FL</attalias><attrtype Sync="TRUE">String</attrtype><attwidth Sync="TRUE">40</attwidth><atprecis Sync="TRUE">0</atprecis><attscale Sync="TRUE">0</attscale></attr><attr><attrlabl Sync="TRUE">DATEINST</attrlabl><attalias Sync="TRUE">DATEINST</attalias><attrtype Sync="TRUE">Date</attrtype><attwidth Sync="TRUE">8</attwidth><atprecis Sync="TRUE">0</atprecis><attscale Sync="TRUE">0</attscale></attr><attr><attrlabl Sync="TRUE">Shape_Leng</attrlabl><attalias Sync="TRUE">Shape_Leng</attalias><attrtype Sync="TRUE">Double</attrtype><attwidth Sync="TRUE">19</attwidth><atprecis Sync="TRUE">0</atprecis><attscale Sync="TRUE">0</attscale></attr><attr><attrlabl Sync="TRUE">DIAMETER</attrlabl><attalias Sync="TRUE">DIAMETER</attalias><attrtype Sync="TRUE">Double</attrtype><attwidth Sync="TRUE">19</attwidth><atprecis Sync="TRUE">0</atprecis><attscale Sync="TRUE">0</attscale></attr><attr><attrlabl Sync="TRUE">MATERIAL</attrlabl><attalias Sync="TRUE">MATERIAL</attalias><attrtype Sync="TRUE">String</attrtype><attwidth Sync="TRUE">98</attwidth><atprecis Sync="TRUE">0</atprecis><attscale Sync="TRUE">0</attscale></attr><attr><attrlabl Sync="TRUE">SITUATE</attrlabl><attalias Sync="TRUE">SITUATE</attalias><attrtype Sync="TRUE">String</attrtype><attwidth Sync="TRUE">17</attwidth><atprecis Sync="TRUE">0</atprecis><attscale Sync="TRUE">0</attscale></attr><attr><attrlabl Sync="TRUE">INDIAM1</attrlabl><attalias Sync="TRUE">INDIAM1</attalias><attrtype Sync="TRUE">Integer</attrtype><attwidth Sync="TRUE">10</attwidth><atprecis Sync="TRUE">10</atprecis><attscale Sync="TRUE">0</attscale></attr><attr><attrlabl Sync="TRUE">INDIAM2</attrlabl><attalias Sync="TRUE">INDIAM2</attalias><attrtype Sync="TRUE">Integer</attrtype><attwidth Sync="TRUE">10</attwidth><atprecis Sync="TRUE">10</atprecis><attscale Sync="TRUE">0</attscale></attr><attr><attrlabl Sync="TRUE">OUTDIAM</attrlabl><attalias Sync="TRUE">OUTDIAM</attalias><attrtype Sync="TRUE">Integer</attrtype><attwidth Sync="TRUE">10</attwidth><atprecis Sync="TRUE">10</atprecis><attscale Sync="TRUE">0</attscale></attr><attr><attrlabl Sync="TRUE">PTHICK</attrlabl><attalias Sync="TRUE">PTHICK</attalias><attrtype Sync="TRUE">Integer</attrtype><attwidth Sync="TRUE">10</attwidth><atprecis Sync="TRUE">10</atprecis><attscale Sync="TRUE">0</attscale></attr><attr><attrlabl Sync="TRUE">PRESCLAS</attrlabl><attalias Sync="TRUE">PRESCLAS</attalias><attrtype Sync="TRUE">Integer</attrtype><attwidth Sync="TRUE">10</attwidth><atprecis Sync="TRUE">10</atprecis><attscale Sync="TRUE">0</attscale></attr><attr><attrlabl Sync="TRUE">OPCODE</attrlabl><attalias Sync="TRUE">OPCODE</attalias><attrtype Sync="TRUE">String</attrtype><attwidth Sync="TRUE">15</attwidth><atprecis Sync="TRUE">0</atprecis><attscale Sync="TRUE">0</attscale></attr><attr><attrlabl Sync="TRUE">HEIGHT</attrlabl><attalias Sync="TRUE">HEIGHT</attalias><attrtype Sync="TRUE">Double</attrtype><attwidth Sync="TRUE">19</attwidth><atprecis Sync="TRUE">0</atprecis><attscale Sync="TRUE">0</attscale></attr><attr><attrlabl Sync="TRUE">JOINT_TYPE</attrlabl><attalias Sync="TRUE">JOINT_TYPE</attalias><attrtype Sync="TRUE">String</attrtype><attwidth Sync="TRUE">33</attwidth><atprecis Sync="TRUE">0</atprecis><attscale Sync="TRUE">0</attscale></attr><attr><attrlabl Sync="TRUE">PCLASS</attrlabl><attalias Sync="TRUE">PCLASS</attalias><attrtype Sync="TRUE">String</attrtype><attwidth Sync="TRUE">8</attwidth><atprecis Sync="TRUE">0</atprecis><attscale Sync="TRUE">0</attscale></attr><attr><attrlabl Sync="TRUE">BEDDING</attrlabl><attalias Sync="TRUE">BEDDING</attalias><attrtype Sync="TRUE">String</attrtype><attwidth Sync="TRUE">22</attwidth><atprecis Sync="TRUE">0</atprecis><attscale Sync="TRUE">0</attscale></attr><attr><attrlabl Sync="TRUE">EXCAVATE</attrlabl><attalias Sync="TRUE">EXCAVATE</attalias><attrtype Sync="TRUE">String</attrtype><attwidth Sync="TRUE">18</attwidth><atprecis Sync="TRUE">0</atprecis><attscale Sync="TRUE">0</attscale></attr><attr><attrlabl Sync="TRUE">SHAPE_1</attrlabl><attalias Sync="TRUE">SHAPE_1</attalias><attrtype Sync="TRUE">String</attrtype><attwidth Sync="TRUE">10</attwidth><atprecis Sync="TRUE">0</atprecis><attscale Sync="TRUE">0</attscale></attr><attr><attrlabl Sync="TRUE">DS_ID</attrlabl><attalias Sync="TRUE">DS_ID</attalias><attrtype Sync="TRUE">Double</attrtype><attwidth Sync="TRUE">19</attwidth><atprecis Sync="TRUE">0</atprecis><attscale Sync="TRUE">0</attscale></attr><attr><attrlabl Sync="TRUE">US_ID</attrlabl><attalias Sync="TRUE">US_ID</attalias><attrtype Sync="TRUE">Double</attrtype><attwidth Sync="TRUE">19</attwidth><atprecis Sync="TRUE">0</atprecis><attscale Sync="TRUE">0</attscale></attr></detailed></eainfo><mdDateSt Sync="TRUE">20190904</mdDateSt><mdChar><CharSetCd value="004" Sync="TRUE"></CharSetCd></mdChar></metadata>
