<?xml version="1.0" encoding="UTF-8"?>
<metadata xml:lang="en"><Esri><CreaDate>20190918</CreaDate><CreaTime>18422200</CreaTime><ArcGISFormat>1.0</ArcGISFormat><SyncOnce>FALSE</SyncOnce><DataProperties><itemProps><itemName Sync="TRUE">RacePoints</itemName><imsContentType Sync="TRUE">002</imsContentType><itemSize Sync="TRUE">0.000</itemSize><itemLocation><linkage Sync="TRUE">file://\\SCI-35526\C$\Dan\Uni\Big Swan\AED_SwanCatchments\3_Data\Spatial\OverviewSpatial\YuleBrook\RacePoints.shp</linkage><protocol Sync="TRUE">Local Area Network</protocol></itemLocation></itemProps><coordRef><type Sync="TRUE">Geographic</type><geogcsn Sync="TRUE">GCS_WGS_1984</geogcsn><csUnits Sync="TRUE">Angular Unit: Degree (0.017453)</csUnits><peXml Sync="TRUE">&lt;GeographicCoordinateSystem xsi:type='typens:GeographicCoordinateSystem' xmlns:xsi='http://www.w3.org/2001/XMLSchema-instance' xmlns:xs='http://www.w3.org/2001/XMLSchema' xmlns:typens='http://www.esri.com/schemas/ArcGIS/10.5'&gt;&lt;WKT&gt;GEOGCS[&amp;quot;GCS_WGS_1984&amp;quot;,DATUM[&amp;quot;D_WGS_1984&amp;quot;,SPHEROID[&amp;quot;WGS_1984&amp;quot;,6378137.0,298.257223563]],PRIMEM[&amp;quot;Greenwich&amp;quot;,0.0],UNIT[&amp;quot;Degree&amp;quot;,0.0174532925199433]],VERTCS[&amp;quot;EGM96_Geoid&amp;quot;,VDATUM[&amp;quot;EGM96_Geoid&amp;quot;],PARAMETER[&amp;quot;Vertical_Shift&amp;quot;,0.0],PARAMETER[&amp;quot;Direction&amp;quot;,1.0],UNIT[&amp;quot;Meter&amp;quot;,1.0]]&lt;/WKT&gt;&lt;XOrigin&gt;-400&lt;/XOrigin&gt;&lt;YOrigin&gt;-400&lt;/YOrigin&gt;&lt;XYScale&gt;11258999068426.238&lt;/XYScale&gt;&lt;ZOrigin&gt;-100000&lt;/ZOrigin&gt;&lt;ZScale&gt;10000&lt;/ZScale&gt;&lt;MOrigin&gt;-100000&lt;/MOrigin&gt;&lt;MScale&gt;10000&lt;/MScale&gt;&lt;XYTolerance&gt;8.983152841195215e-009&lt;/XYTolerance&gt;&lt;ZTolerance&gt;0.001&lt;/ZTolerance&gt;&lt;MTolerance&gt;0.001&lt;/MTolerance&gt;&lt;HighPrecision&gt;true&lt;/HighPrecision&gt;&lt;LeftLongitude&gt;-180&lt;/LeftLongitude&gt;&lt;WKID&gt;4326&lt;/WKID&gt;&lt;LatestWKID&gt;4326&lt;/LatestWKID&gt;&lt;VCSWKID&gt;5773&lt;/VCSWKID&gt;&lt;LatestVCSWKID&gt;5773&lt;/LatestVCSWKID&gt;&lt;/GeographicCoordinateSystem&gt;</peXml></coordRef><lineage><Process ToolSource="c:\program files (x86)\arcgis\desktop10.5\ArcToolbox\Toolboxes\Data Management Tools.tbx\Merge" Date="20190912" Time="104338">Merge 'C - Black Creek\Points';'G2 - Canning River\Points';'G1 - Yule Wetland\Points';'F - Yule Brook\Points';'E - Woodlupine Drain\Points';'D - Woodlupine Junction\Points';'B - Woodlupine Bend\Points';'A - Upper Woodlupine Brook\Points';Sercul\SERCUL "C:\Dan\Uni\Big Swan\AED_SwanCatchments\3_Data\Spatial\OverviewSpatial\YuleBrook\RacePoints.shp" "Name "Name" true true false 320 Text 0 0 ,First,#,C - Black Creek\Points,Name,-1,-1,G2 - Canning River\Points,Name,-1,-1,G1 - Yule Wetland\Points,Name,-1,-1,F - Yule Brook\Points,Name,-1,-1,E - Woodlupine Drain\Points,Name,-1,-1,D - Woodlupine Junction\Points,Name,-1,-1,B - Woodlupine Bend\Points,Name,-1,-1,A - Upper Woodlupine Brook\Points,Name,-1,-1,Sercul\SERCUL,Name,-1,-1;FolderPath "FolderPath" true true false 320 Text 0 0 ,First,#,C - Black Creek\Points,FolderPath,-1,-1,G2 - Canning River\Points,FolderPath,-1,-1,G1 - Yule Wetland\Points,FolderPath,-1,-1,F - Yule Brook\Points,FolderPath,-1,-1,E - Woodlupine Drain\Points,FolderPath,-1,-1,D - Woodlupine Junction\Points,FolderPath,-1,-1,B - Woodlupine Bend\Points,FolderPath,-1,-1,A - Upper Woodlupine Brook\Points,FolderPath,-1,-1,Sercul\SERCUL,FolderPath,-1,-1;SymbolID "SymbolID" true true false 4 Long 0 0 ,First,#,C - Black Creek\Points,SymbolID,-1,-1,G2 - Canning River\Points,SymbolID,-1,-1,G1 - Yule Wetland\Points,SymbolID,-1,-1,F - Yule Brook\Points,SymbolID,-1,-1,E - Woodlupine Drain\Points,SymbolID,-1,-1,D - Woodlupine Junction\Points,SymbolID,-1,-1,B - Woodlupine Bend\Points,SymbolID,-1,-1,A - Upper Woodlupine Brook\Points,SymbolID,-1,-1,Sercul\SERCUL,SymbolID,-1,-1;AltMode "AltMode" true true false 2 Short 0 0 ,First,#,C - Black Creek\Points,AltMode,-1,-1,G2 - Canning River\Points,AltMode,-1,-1,G1 - Yule Wetland\Points,AltMode,-1,-1,F - Yule Brook\Points,AltMode,-1,-1,E - Woodlupine Drain\Points,AltMode,-1,-1,D - Woodlupine Junction\Points,AltMode,-1,-1,B - Woodlupine Bend\Points,AltMode,-1,-1,A - Upper Woodlupine Brook\Points,AltMode,-1,-1,Sercul\SERCUL,AltMode,-1,-1;Base "Base" true true false 8 Double 0 0 ,First,#,C - Black Creek\Points,Base,-1,-1,G2 - Canning River\Points,Base,-1,-1,G1 - Yule Wetland\Points,Base,-1,-1,F - Yule Brook\Points,Base,-1,-1,E - Woodlupine Drain\Points,Base,-1,-1,D - Woodlupine Junction\Points,Base,-1,-1,B - Woodlupine Bend\Points,Base,-1,-1,A - Upper Woodlupine Brook\Points,Base,-1,-1,Sercul\SERCUL,Base,-1,-1;Snippet "Snippet" true true false 268435455 Text 0 0 ,First,#,C - Black Creek\Points,Snippet,-1,-1,G2 - Canning River\Points,Snippet,-1,-1,G1 - Yule Wetland\Points,Snippet,-1,-1,F - Yule Brook\Points,Snippet,-1,-1,E - Woodlupine Drain\Points,Snippet,-1,-1,D - Woodlupine Junction\Points,Snippet,-1,-1,B - Woodlupine Bend\Points,Snippet,-1,-1,A - Upper Woodlupine Brook\Points,Snippet,-1,-1,Sercul\SERCUL,Snippet,-1,-1;PopupInfo "PopupInfo" true true false 268435455 Text 0 0 ,First,#,C - Black Creek\Points,PopupInfo,-1,-1,G2 - Canning River\Points,PopupInfo,-1,-1,G1 - Yule Wetland\Points,PopupInfo,-1,-1,F - Yule Brook\Points,PopupInfo,-1,-1,E - Woodlupine Drain\Points,PopupInfo,-1,-1,D - Woodlupine Junction\Points,PopupInfo,-1,-1,B - Woodlupine Bend\Points,PopupInfo,-1,-1,A - Upper Woodlupine Brook\Points,PopupInfo,-1,-1,Sercul\SERCUL,PopupInfo,-1,-1;HasLabel "HasLabel" true true false 2 Short 0 0 ,First,#,C - Black Creek\Points,HasLabel,-1,-1,G2 - Canning River\Points,HasLabel,-1,-1,G1 - Yule Wetland\Points,HasLabel,-1,-1,F - Yule Brook\Points,HasLabel,-1,-1,E - Woodlupine Drain\Points,HasLabel,-1,-1,D - Woodlupine Junction\Points,HasLabel,-1,-1,B - Woodlupine Bend\Points,HasLabel,-1,-1,A - Upper Woodlupine Brook\Points,HasLabel,-1,-1,Sercul\SERCUL,HasLabel,-1,-1;LabelID "LabelID" true true false 4 Long 0 0 ,First,#,C - Black Creek\Points,LabelID,-1,-1,G2 - Canning River\Points,LabelID,-1,-1,G1 - Yule Wetland\Points,LabelID,-1,-1,F - Yule Brook\Points,LabelID,-1,-1,E - Woodlupine Drain\Points,LabelID,-1,-1,D - Woodlupine Junction\Points,LabelID,-1,-1,B - Woodlupine Bend\Points,LabelID,-1,-1,A - Upper Woodlupine Brook\Points,LabelID,-1,-1,Sercul\SERCUL,LabelID,-1,-1"</Process></lineage></DataProperties><SyncDate>20190912</SyncDate><SyncTime>10433500</SyncTime><ModDate>20190912</ModDate><ModTime>10433500</ModTime></Esri><dataIdInfo><envirDesc Sync="TRUE"> Version 6.2 (Build 9200) ; Esri ArcGIS 10.5.1.7333</envirDesc><dataLang><languageCode value="eng" Sync="TRUE"></languageCode><countryCode value="AUS" Sync="TRUE"></countryCode></dataLang><idCitation><resTitle Sync="TRUE">RacePoints</resTitle><presForm><PresFormCd value="005" Sync="TRUE"></PresFormCd></presForm></idCitation><spatRpType><SpatRepTypCd value="001" Sync="TRUE"></SpatRepTypCd></spatRpType></dataIdInfo><mdLang><languageCode value="eng" Sync="TRUE"></languageCode><countryCode value="AUS" Sync="TRUE"></countryCode></mdLang><mdChar><CharSetCd value="004" Sync="TRUE"></CharSetCd></mdChar><distInfo><distFormat><formatName Sync="TRUE">Shapefile</formatName></distFormat><distTranOps><transSize Sync="TRUE">0.000</transSize></distTranOps></distInfo><mdHrLv><ScopeCd value="005" Sync="TRUE"></ScopeCd></mdHrLv><mdHrLvName Sync="TRUE">dataset</mdHrLvName><refSysInfo><RefSystem><refSysID><identCode code="4326" Sync="TRUE"></identCode><idCodeSpace Sync="TRUE">EPSG</idCodeSpace><idVersion Sync="TRUE">6.14(3.0.1)</idVersion></refSysID></RefSystem></refSysInfo><spatRepInfo><VectSpatRep><geometObjs Name="RacePoints"><geoObjTyp><GeoObjTypCd value="004" Sync="TRUE"></GeoObjTypCd></geoObjTyp><geoObjCnt Sync="TRUE">0</geoObjCnt></geometObjs><topLvl><TopoLevCd value="001" Sync="TRUE"></TopoLevCd></topLvl></VectSpatRep></spatRepInfo><spdoinfo><ptvctinf><esriterm Name="RacePoints"><efeatyp Sync="TRUE">Simple</efeatyp><efeageom code="1" Sync="TRUE"></efeageom><esritopo Sync="TRUE">FALSE</esritopo><efeacnt Sync="TRUE">0</efeacnt><spindex Sync="TRUE">FALSE</spindex><linrefer Sync="TRUE">TRUE</linrefer></esriterm></ptvctinf></spdoinfo><eainfo><detailed Name="RacePoints"><enttyp><enttypl Sync="TRUE">RacePoints</enttypl><enttypt Sync="TRUE">Feature Class</enttypt><enttypc Sync="TRUE">0</enttypc></enttyp><attr><attrlabl Sync="TRUE">FID</attrlabl><attalias Sync="TRUE">FID</attalias><attrtype Sync="TRUE">OID</attrtype><attwidth Sync="TRUE">4</attwidth><atprecis Sync="TRUE">0</atprecis><attscale Sync="TRUE">0</attscale><attrdef Sync="TRUE">Internal feature number.</attrdef><attrdefs Sync="TRUE">Esri</attrdefs><attrdomv><udom Sync="TRUE">Sequential unique whole numbers that are automatically generated.</udom></attrdomv></attr><attr><attrlabl Sync="TRUE">Shape</attrlabl><attalias Sync="TRUE">Shape</attalias><attrtype Sync="TRUE">Geometry</attrtype><attwidth Sync="TRUE">0</attwidth><atprecis Sync="TRUE">0</atprecis><attscale Sync="TRUE">0</attscale><attrdef Sync="TRUE">Feature geometry.</attrdef><attrdefs Sync="TRUE">Esri</attrdefs><attrdomv><udom Sync="TRUE">Coordinates defining the features.</udom></attrdomv></attr><attr><attrlabl Sync="TRUE">Name</attrlabl><attalias Sync="TRUE">Name</attalias><attrtype Sync="TRUE">String</attrtype><attwidth Sync="TRUE">254</attwidth><atprecis Sync="TRUE">0</atprecis><attscale Sync="TRUE">0</attscale></attr><attr><attrlabl Sync="TRUE">FolderPath</attrlabl><attalias Sync="TRUE">FolderPath</attalias><attrtype Sync="TRUE">String</attrtype><attwidth Sync="TRUE">254</attwidth><atprecis Sync="TRUE">0</atprecis><attscale Sync="TRUE">0</attscale></attr><attr><attrlabl Sync="TRUE">SymbolID</attrlabl><attalias Sync="TRUE">SymbolID</attalias><attrtype Sync="TRUE">Integer</attrtype><attwidth Sync="TRUE">10</attwidth><atprecis Sync="TRUE">10</atprecis><attscale Sync="TRUE">0</attscale></attr><attr><attrlabl Sync="TRUE">AltMode</attrlabl><attalias Sync="TRUE">AltMode</attalias><attrtype Sync="TRUE">Integer</attrtype><attwidth Sync="TRUE">5</attwidth><atprecis Sync="TRUE">5</atprecis><attscale Sync="TRUE">0</attscale></attr><attr><attrlabl Sync="TRUE">Base</attrlabl><attalias Sync="TRUE">Base</attalias><attrtype Sync="TRUE">Double</attrtype><attwidth Sync="TRUE">19</attwidth><atprecis Sync="TRUE">0</atprecis><attscale Sync="TRUE">0</attscale></attr><attr><attrlabl Sync="TRUE">Snippet</attrlabl><attalias Sync="TRUE">Snippet</attalias><attrtype Sync="TRUE">String</attrtype><attwidth Sync="TRUE">254</attwidth><atprecis Sync="TRUE">0</atprecis><attscale Sync="TRUE">0</attscale></attr><attr><attrlabl Sync="TRUE">PopupInfo</attrlabl><attalias Sync="TRUE">PopupInfo</attalias><attrtype Sync="TRUE">String</attrtype><attwidth Sync="TRUE">254</attwidth><atprecis Sync="TRUE">0</atprecis><attscale Sync="TRUE">0</attscale></attr><attr><attrlabl Sync="TRUE">HasLabel</attrlabl><attalias Sync="TRUE">HasLabel</attalias><attrtype Sync="TRUE">Integer</attrtype><attwidth Sync="TRUE">5</attwidth><atprecis Sync="TRUE">5</atprecis><attscale Sync="TRUE">0</attscale></attr><attr><attrlabl Sync="TRUE">LabelID</attrlabl><attalias Sync="TRUE">LabelID</attalias><attrtype Sync="TRUE">Integer</attrtype><attwidth Sync="TRUE">10</attwidth><atprecis Sync="TRUE">10</atprecis><attscale Sync="TRUE">0</attscale></attr></detailed></eainfo><mdDateSt Sync="TRUE">20190912</mdDateSt></metadata>
