<?xml version="1.0"?>
<!--<!DOCTYPE metadata SYSTEM "http://www.esri.com/metadata/esriprof80.dtd">-->
<metadata xml:lang="en"><Esri><CreaDate>20190922</CreaDate><CreaTime>15063300</CreaTime><SyncOnce>FALSE</SyncOnce><SyncDate>20190904</SyncDate><SyncTime>16043100</SyncTime><ModDate>20190904</ModDate><ModTime>16043100</ModTime><DataProperties><lineage><Process Name="Merge_1" ToolSource="C:\Program Files\ArcGIS\ArcToolbox\Toolboxes\Data Management Tools.tbx\Merge" Date="20090619" Time="101034">Merge Bannister_Subcats_2008_V1;Bayswater_Subcats_2008_V1;Belmont_Central_subcat_z50_2008_v1;Bennett_Brook_Subcats_2008_V1;Blackadder_Subcats_2008_V1;Bullcreek_Subcats_2008_V1;CBD_Subcats_2008_V1;Claisebrook_Subcats_2008_V1;Downstream_Subcats_2008_V1;EllenBrook_Subcats_2008_V4;Ellis_Subcats_2008_V1;Helena_Subcats_2008_V1;Helm_Subcats_2008_V1;Henley_Subcats_2008_V1;Jane_Subcats_2008_V1;lower;Lower_Canning_Subcats_2008_calibV8;maylands_Subcats_2008_V1;Millendon_Subcats_2008_V1;Mills_St_Subcats_2008_V1;munday_bickley_Subcats_2008_V1;PAN_Subcats_2008_V1;PAS_Subcats_2008_V1;sr_Subcats_2008_V1;St_Leonards_Subcats_2008_V1;Sth_Belmont_Subcats_2008_V1;Sth_Perth_Subcats_2008_V1;Susannah_Subcats_2008_V1;Upper_Canning_Subcats_2008_V1;Upper_Swan_Subcats_2008_V2;Yule_Brook_Subcats_2008_V1 Y:\Region\Swan\SRT_Predictive_Modelling_09\SpatialData\Subcatchments\Swan_Canning_Subcatchments_merged.shp "OBJECTID OBJECTID true false false 9 Long 0 9 ,First,#,Bannister_Subcats_2008_V1,OBJECTID,-1,-1,Bayswater_Subcats_2008_V1,OBJECTID,-1,-1,Belmont_Central_subcat_z50_2008_v1,OBJECTID,-1,-1,Bennett_Brook_Subcats_2008_V1,OBJECTID,-1,-1,Blackadder_Subcats_2008_V1,OBJECTID,-1,-1,Bullcreek_Subcats_2008_V1,OBJECTID,-1,-1,CBD_Subcats_2008_V1,OBJECTID,-1,-1,Claisebrook_Subcats_2008_V1,OBJECTID,-1,-1,Downstream_Subcats_2008_V1,OBJECTID,-1,-1,EllenBrook_Subcats_2008_V4,OBJECTID,-1,-1,Ellis_Subcats_2008_V1,OBJECTID,-1,-1,Helena_Subcats_2008_V1,OBJECTID,-1,-1,Helm_Subcats_2008_V1,OBJECTID,-1,-1,Henley_Subcats_2008_V1,OBJECTID,-1,-1,Jane_Subcats_2008_V1,OBJECTID,-1,-1,lower,OBJECTID,-1,-1,Lower_Canning_Subcats_2008_calibV8,OBJECTID,-1,-1,maylands_Subcats_2008_V1,OBJECTID,-1,-1,Millendon_Subcats_2008_V1,OBJECTID,-1,-1,Mills_St_Subcats_2008_V1,OBJECTID,-1,-1,munday_bickley_Subcats_2008_V1,OBJECTID,-1,-1,PAN_Subcats_2008_V1,OBJECTID,-1,-1,PAS_Subcats_2008_V1,OBJECTID,-1,-1,sr_Subcats_2008_V1,OBJECTID,-1,-1,St_Leonards_Subcats_2008_V1,OBJECTID,-1,-1,Sth_Belmont_Subcats_2008_V1,OBJECTID,-1,-1,Sth_Perth_Subcats_2008_V1,OBJECTID,-1,-1,Susannah_Subcats_2008_V1,OBJECTID,-1,-1,Upper_Canning_Subcats_2008_V1,OBJECTID,-1,-1,Upper_Swan_Subcats_2008_V2,OBJECTID,-1,-1,Yule_Brook_Subcats_2008_V1,OBJECTID,-1,-1;SUB SUB true false false 19 Double 0 0 ,First,#,Bannister_Subcats_2008_V1,SUB,-1,-1,EllenBrook_Subcats_2008_V4,SUB,-1,-1,Millendon_Subcats_2008_V1,SUB,-1,-1;SUBTO SUBTO true false false 19 Double 0 0 ,First,#,Bannister_Subcats_2008_V1,SUBTO,-1,-1,Millendon_Subcats_2008_V1,SUBTO,-1,-1;SHAPE_Leng SHAPE_Leng true false false 19 Double 0 0 ,First,#,Bannister_Subcats_2008_V1,SHAPE_Leng,-1,-1,Bayswater_Subcats_2008_V1,Shape_Leng,-1,-1,Belmont_Central_subcat_z50_2008_v1,Shape_Leng,-1,-1,Bennett_Brook_Subcats_2008_V1,Shape_Leng,-1,-1,Blackadder_Subcats_2008_V1,Shape_Leng,-1,-1,Bullcreek_Subcats_2008_V1,Shape_Leng,-1,-1,CBD_Subcats_2008_V1,Shape_Leng,-1,-1,Claisebrook_Subcats_2008_V1,Shape_Leng,-1,-1,Downstream_Subcats_2008_V1,Shape_Leng,-1,-1,Ellis_Subcats_2008_V1,Shape_Leng,-1,-1,Helena_Subcats_2008_V1,Shape_Leng,-1,-1,Helm_Subcats_2008_V1,Shape_Leng,-1,-1,Henley_Subcats_2008_V1,Shape_Leng,-1,-1,Jane_Subcats_2008_V1,Shape_Leng,-1,-1,lower,Shape_Leng,-1,-1,maylands_Subcats_2008_V1,Shape_Leng,-1,-1,Millendon_Subcats_2008_V1,SHAPE_Leng,-1,-1,Mills_St_Subcats_2008_V1,Shape_Leng,-1,-1,munday_bickley_Subcats_2008_V1,Shape_Leng,-1,-1,PAN_Subcats_2008_V1,Shape_Leng,-1,-1,PAS_Subcats_2008_V1,Shape_Leng,-1,-1,sr_Subcats_2008_V1,Shape_Leng,-1,-1,St_Leonards_Subcats_2008_V1,Shape_Leng,-1,-1,Sth_Belmont_Subcats_2008_V1,Shape_Leng,-1,-1,Sth_Perth_Subcats_2008_V1,Shape_Leng,-1,-1,Susannah_Subcats_2008_V1,Shape_Leng,-1,-1,Upper_Canning_Subcats_2008_V1,Shape_Leng,-1,-1,Upper_Swan_Subcats_2008_V2,SHAPE_LENG,-1,-1,Yule_Brook_Subcats_2008_V1,Shape_Leng,-1,-1;SHAPE_Area SHAPE_Area true false false 19 Double 0 0 ,First,#,Bannister_Subcats_2008_V1,SHAPE_Area,-1,-1,Bayswater_Subcats_2008_V1,Shape_Area,-1,-1,Belmont_Central_subcat_z50_2008_v1,Shape_Area,-1,-1,Bennett_Brook_Subcats_2008_V1,Shape_Area,-1,-1,Blackadder_Subcats_2008_V1,Shape_Area,-1,-1,Bullcreek_Subcats_2008_V1,Shape_Area,-1,-1,CBD_Subcats_2008_V1,Shape_Area,-1,-1,Claisebrook_Subcats_2008_V1,Shape_Area,-1,-1,Downstream_Subcats_2008_V1,Shape_Area,-1,-1,Ellis_Subcats_2008_V1,Shape_Area,-1,-1,Helena_Subcats_2008_V1,Shape_Area,-1,-1,Helm_Subcats_2008_V1,Shape_Area,-1,-1,Henley_Subcats_2008_V1,Shape_Area,-1,-1,Jane_Subcats_2008_V1,Shape_Area,-1,-1,lower,Shape_Area,-1,-1,maylands_Subcats_2008_V1,Shape_Area,-1,-1,Millendon_Subcats_2008_V1,SHAPE_Area,-1,-1,Mills_St_Subcats_2008_V1,Shape_Area,-1,-1,munday_bickley_Subcats_2008_V1,Shape_Area,-1,-1,PAN_Subcats_2008_V1,Shape_Area,-1,-1,PAS_Subcats_2008_V1,Shape_Area,-1,-1,sr_Subcats_2008_V1,Shape_Area,-1,-1,St_Leonards_Subcats_2008_V1,Shape_Area,-1,-1,Sth_Belmont_Subcats_2008_V1,Shape_Area,-1,-1,Sth_Perth_Subcats_2008_V1,Shape_Area,-1,-1,Susannah_Subcats_2008_V1,Shape_Area,-1,-1,Upper_Canning_Subcats_2008_V1,Shape_Area,-1,-1,Upper_Swan_Subcats_2008_V2,SHAPE_AREA,-1,-1,Yule_Brook_Subcats_2008_V1,Shape_Area,-1,-1;xcentroid xcentroid true false false 19 Double 0 0 ,First,#,Bannister_Subcats_2008_V1,xcentroid,-1,-1;ycentroid ycentroid true false false 19 Double 0 0 ,First,#,Bannister_Subcats_2008_V1,ycentroid,-1,-1;CATCH_NAME CATCH_NAME true false false 25 Text 0 0 ,First,#,Bannister_Subcats_2008_V1,CATCH_NAME,-1,-1,Bayswater_Subcats_2008_V1,CATCH_NAME,-1,-1,Belmont_Central_subcat_z50_2008_v1,CATCH_NAME,-1,-1,Bennett_Brook_Subcats_2008_V1,CATCH_NAME,-1,-1,Blackadder_Subcats_2008_V1,CATCH_NAME,-1,-1,Bullcreek_Subcats_2008_V1,CATCH_NAME,-1,-1,CBD_Subcats_2008_V1,CATCH_NAME,-1,-1,Claisebrook_Subcats_2008_V1,CATCH_NAME,-1,-1,Downstream_Subcats_2008_V1,CATCH_NAME,-1,-1,EllenBrook_Subcats_2008_V4,CATCH_NAME,-1,-1,Ellis_Subcats_2008_V1,CATCH_NAME,-1,-1,Helena_Subcats_2008_V1,CATCH_NAME,-1,-1,Helm_Subcats_2008_V1,CATCH_NAME,-1,-1,Henley_Subcats_2008_V1,CATCH_NAME,-1,-1,Jane_Subcats_2008_V1,CATCH_NAME,-1,-1,lower,CATCH_NAME,-1,-1,Lower_Canning_Subcats_2008_calibV8,CATCH_NAME,-1,-1,maylands_Subcats_2008_V1,CATCH_NAME,-1,-1,Millendon_Subcats_2008_V1,CATCH_NAME,-1,-1,Mills_St_Subcats_2008_V1,CATCH_NAME,-1,-1,munday_bickley_Subcats_2008_V1,CATCH_NAME,-1,-1,PAN_Subcats_2008_V1,CATCH_NAME,-1,-1,PAS_Subcats_2008_V1,CATCH_NAME,-1,-1,sr_Subcats_2008_V1,CATCH_NAME,-1,-1,St_Leonards_Subcats_2008_V1,CATCH_NAME,-1,-1,Sth_Belmont_Subcats_2008_V1,CATCH_NAME,-1,-1,Sth_Perth_Subcats_2008_V1,CATCH_NAME,-1,-1,Susannah_Subcats_2008_V1,CATCH_NAME,-1,-1,Upper_Canning_Subcats_2008_V1,CATCH_NAME,-1,-1,Upper_Swan_Subcats_2008_V2,CATCH_NAME,-1,-1,Yule_Brook_Subcats_2008_V1,CATCH_NAME,-1,-1;LOC_SUB_ID LOC_SUB_ID true false false 4 Short 0 4 ,First,#,Bannister_Subcats_2008_V1,LOC_SUB_ID,-1,-1,Bayswater_Subcats_2008_V1,LOC_SUB_ID,-1,-1,Belmont_Central_subcat_z50_2008_v1,LOC_SUB_ID,-1,-1,Bennett_Brook_Subcats_2008_V1,LOC_SUB_ID,-1,-1,Blackadder_Subcats_2008_V1,LOC_SUB_ID,-1,-1,Bullcreek_Subcats_2008_V1,LOC_SUB_ID,-1,-1,CBD_Subcats_2008_V1,LOC_SUB_ID,-1,-1,Claisebrook_Subcats_2008_V1,LOC_SUB_ID,-1,-1,Downstream_Subcats_2008_V1,LOC_SUB_ID,-1,-1,EllenBrook_Subcats_2008_V4,LOC_SUB_ID,-1,-1,Ellis_Subcats_2008_V1,LOC_SUB_ID,-1,-1,Helena_Subcats_2008_V1,LOC_SUB_ID,-1,-1,Helm_Subcats_2008_V1,LOC_SUB_ID,-1,-1,Henley_Subcats_2008_V1,LOC_SUB_ID,-1,-1,Jane_Subcats_2008_V1,LOC_SUB_ID,-1,-1,lower,LOC_SUB_ID,-1,-1,Lower_Canning_Subcats_2008_calibV8,LOC_SUB_ID,-1,-1,maylands_Subcats_2008_V1,LOC_SUB_ID,-1,-1,Millendon_Subcats_2008_V1,LOC_SUB_ID,-1,-1,Mills_St_Subcats_2008_V1,LOC_SUB_ID,-1,-1,munday_bickley_Subcats_2008_V1,LOC_SUB_ID,-1,-1,PAN_Subcats_2008_V1,LOC_SUB_ID,-1,-1,PAS_Subcats_2008_V1,LOC_SUB_ID,-1,-1,sr_Subcats_2008_V1,LOC_SUB_ID,-1,-1,St_Leonards_Subcats_2008_V1,LOC_SUB_ID,-1,-1,Sth_Belmont_Subcats_2008_V1,LOC_SUB_ID,-1,-1,Sth_Perth_Subcats_2008_V1,LOC_SUB_ID,-1,-1,Susannah_Subcats_2008_V1,LOC_SUB_ID,-1,-1,Upper_Canning_Subcats_2008_V1,LOC_SUB_ID,-1,-1,Upper_Swan_Subcats_2008_V2,LOC_SUB_ID,-1,-1,Yule_Brook_Subcats_2008_V1,LOC_SUB_ID,-1,-1;LOC_SUB_DR LOC_SUB_DR true false false 4 Short 0 4 ,First,#,Bannister_Subcats_2008_V1,LOC_SUB_DR,-1,-1,Bayswater_Subcats_2008_V1,LOC_SUB_DR,-1,-1,Belmont_Central_subcat_z50_2008_v1,LOC_SUB_DR,-1,-1,Bennett_Brook_Subcats_2008_V1,LOC_SUB_DR,-1,-1,Blackadder_Subcats_2008_V1,LOC_SUB_DR,-1,-1,Bullcreek_Subcats_2008_V1,LOC_SUB_DR,-1,-1,CBD_Subcats_2008_V1,LOC_SUB_DR,-1,-1,Claisebrook_Subcats_2008_V1,LOC_SUB_DR,-1,-1,Downstream_Subcats_2008_V1,LOC_SUB_DR,-1,-1,EllenBrook_Subcats_2008_V4,LOC_SUB_DR,-1,-1,Ellis_Subcats_2008_V1,LOC_SUB_DR,-1,-1,Helena_Subcats_2008_V1,LOC_SUB_DR,-1,-1,Helm_Subcats_2008_V1,LOC_SUB_DR,-1,-1,Henley_Subcats_2008_V1,LOC_SUB_DR,-1,-1,Jane_Subcats_2008_V1,LOC_SUB_DR,-1,-1,lower,LOC_SUB_DR,-1,-1,Lower_Canning_Subcats_2008_calibV8,LOC_SUB_DR,-1,-1,maylands_Subcats_2008_V1,LOC_SUB_DR,-1,-1,Millendon_Subcats_2008_V1,LOC_SUB_DR,-1,-1,Mills_St_Subcats_2008_V1,LOC_SUB_DR,-1,-1,munday_bickley_Subcats_2008_V1,LOC_SUB_DR,-1,-1,PAN_Subcats_2008_V1,LOC_SUB_DR,-1,-1,PAS_Subcats_2008_V1,LOC_SUB_DR,-1,-1,sr_Subcats_2008_V1,LOC_SUB_DR,-1,-1,St_Leonards_Subcats_2008_V1,LOC_SUB_DR,-1,-1,Sth_Belmont_Subcats_2008_V1,LOC_SUB_DR,-1,-1,Sth_Perth_Subcats_2008_V1,LOC_SUB_DR,-1,-1,Susannah_Subcats_2008_V1,LOC_SUB_DR,-1,-1,Upper_Canning_Subcats_2008_V1,LOC_SUB_DR,-1,-1,Upper_Swan_Subcats_2008_V2,LOC_SUB_DR,-1,-1,Yule_Brook_Subcats_2008_V1,LOC_SUB_DR,-1,-1;MSLINK_DBA MSLINK_DBA true false false 19 Double 0 0 ,First,#,Bayswater_Subcats_2008_V1,MSLINK_DBA,-1,-1,Belmont_Central_subcat_z50_2008_v1,MSLINK_DBA,-1,-1,Bennett_Brook_Subcats_2008_V1,MSLINK_DBA,-1,-1,Blackadder_Subcats_2008_V1,MSLINK_DBA,-1,-1,CBD_Subcats_2008_V1,MSLINK_DBA,-1,-1,Claisebrook_Subcats_2008_V1,MSLINK_DBA,-1,-1,Ellis_Subcats_2008_V1,MSLINK_DBA,-1,-1,Helena_Subcats_2008_V1,MSLINK_DBA,-1,-1,Helm_Subcats_2008_V1,MSLINK_DBA,-1,-1,Henley_Subcats_2008_V1,MSLINK_DBA,-1,-1,Jane_Subcats_2008_V1,MSLINK_DBA,-1,-1,lower,MSLINK_DBA,-1,-1,Lower_Canning_Subcats_2008_calibV8,MSLINK_DBA,-1,-1,maylands_Subcats_2008_V1,MSLINK_DBA,-1,-1,Mills_St_Subcats_2008_V1,MSLINK_DBA,-1,-1,munday_bickley_Subcats_2008_V1,MSLINK_DBA,-1,-1,PAN_Subcats_2008_V1,MSLINK_DBA,-1,-1,PAS_Subcats_2008_V1,MSLINK_DBA,-1,-1,sr_Subcats_2008_V1,MSLINK_DBA,-1,-1,St_Leonards_Subcats_2008_V1,MSLINK_DBA,-1,-1,Sth_Belmont_Subcats_2008_V1,MSLINK_DBA,-1,-1,Sth_Perth_Subcats_2008_V1,MSLINK_DBA,-1,-1,Susannah_Subcats_2008_V1,MSLINK_DBA,-1,-1,Upper_Canning_Subcats_2008_V1,MSLINK_DBA,-1,-1,Upper_Swan_Subcats_2008_V2,MSLINK_DBA,-1,-1,Yule_Brook_Subcats_2008_V1,MSLINK_DBA,-1,-1;AREA_SQ_KM AREA_SQ_KM true false false 19 Double 0 0 ,First,#,Bayswater_Subcats_2008_V1,AREA_SQ_KM,-1,-1,Belmont_Central_subcat_z50_2008_v1,AREA_SQ_KM,-1,-1,Bennett_Brook_Subcats_2008_V1,AREA_SQ_KM,-1,-1,Blackadder_Subcats_2008_V1,AREA_SQ_KM,-1,-1,CBD_Subcats_2008_V1,AREA_SQ_KM,-1,-1,Claisebrook_Subcats_2008_V1,AREA_SQ_KM,-1,-1,Ellis_Subcats_2008_V1,AREA_SQ_KM,-1,-1,Helena_Subcats_2008_V1,AREA_SQ_KM,-1,-1,Helm_Subcats_2008_V1,AREA_SQ_KM,-1,-1,Henley_Subcats_2008_V1,AREA_SQ_KM,-1,-1,Jane_Subcats_2008_V1,AREA_SQ_KM,-1,-1,lower,AREA_SQ_KM,-1,-1,Lower_Canning_Subcats_2008_calibV8,AREA_SQ_KM,-1,-1,maylands_Subcats_2008_V1,AREA_SQ_KM,-1,-1,Mills_St_Subcats_2008_V1,AREA_SQ_KM,-1,-1,munday_bickley_Subcats_2008_V1,AREA_SQ_KM,-1,-1,PAN_Subcats_2008_V1,AREA_SQ_KM,-1,-1,PAS_Subcats_2008_V1,AREA_SQ_KM,-1,-1,St_Leonards_Subcats_2008_V1,AREA_SQ_KM,-1,-1,Sth_Belmont_Subcats_2008_V1,AREA_SQ_KM,-1,-1,Sth_Perth_Subcats_2008_V1,AREA_SQ_KM,-1,-1,Upper_Canning_Subcats_2008_V1,AREA_SQ_KM,-1,-1,Upper_Swan_Subcats_2008_V2,AREA_SQ_KM,-1,-1,Yule_Brook_Subcats_2008_V1,AREA_SQ_KM,-1,-1;AREA AREA true false false 19 Double 0 0 ,First,#,Bayswater_Subcats_2008_V1,AREA,-1,-1,Belmont_Central_subcat_z50_2008_v1,AREA,-1,-1,Bennett_Brook_Subcats_2008_V1,AREA,-1,-1,Blackadder_Subcats_2008_V1,AREA,-1,-1,Bullcreek_Subcats_2008_V1,AREA,-1,-1,CBD_Subcats_2008_V1,AREA,-1,-1,Claisebrook_Subcats_2008_V1,AREA,-1,-1,Downstream_Subcats_2008_V1,AREA,-1,-1,Ellis_Subcats_2008_V1,AREA,-1,-1,Helena_Subcats_2008_V1,AREA,-1,-1,Helm_Subcats_2008_V1,AREA,-1,-1,Henley_Subcats_2008_V1,AREA,-1,-1,Jane_Subcats_2008_V1,AREA,-1,-1,lower,AREA,-1,-1,Lower_Canning_Subcats_2008_calibV8,AREA,-1,-1,maylands_Subcats_2008_V1,AREA,-1,-1,Mills_St_Subcats_2008_V1,AREA,-1,-1,munday_bickley_Subcats_2008_V1,AREA,-1,-1,PAN_Subcats_2008_V1,AREA,-1,-1,PAS_Subcats_2008_V1,AREA,-1,-1,sr_Subcats_2008_V1,AREA,-1,-1,St_Leonards_Subcats_2008_V1,AREA,-1,-1,Sth_Belmont_Subcats_2008_V1,AREA,-1,-1,Sth_Perth_Subcats_2008_V1,AREA,-1,-1,Susannah_Subcats_2008_V1,AREA,-1,-1,Upper_Canning_Subcats_2008_V1,AREA,-1,-1,Upper_Swan_Subcats_2008_V2,AREA,-1,-1,Yule_Brook_Subcats_2008_V1,AREA,-1,-1;PERIMETER PERIMETER true false false 19 Double 0 0 ,First,#,Bayswater_Subcats_2008_V1,PERIMETER,-1,-1,Belmont_Central_subcat_z50_2008_v1,PERIMETER,-1,-1,Bennett_Brook_Subcats_2008_V1,PERIMETER,-1,-1,Blackadder_Subcats_2008_V1,PERIMETER,-1,-1,Bullcreek_Subcats_2008_V1,PERIMETER,-1,-1,CBD_Subcats_2008_V1,PERIMETER,-1,-1,Claisebrook_Subcats_2008_V1,PERIMETER,-1,-1,Downstream_Subcats_2008_V1,PERIMETER,-1,-1,Ellis_Subcats_2008_V1,PERIMETER,-1,-1,Helena_Subcats_2008_V1,PERIMETER,-1,-1,Helm_Subcats_2008_V1,PERIMETER,-1,-1,Henley_Subcats_2008_V1,PERIMETER,-1,-1,Jane_Subcats_2008_V1,PERIMETER,-1,-1,lower,PERIMETER,-1,-1,maylands_Subcats_2008_V1,PERIMETER,-1,-1,Mills_St_Subcats_2008_V1,PERIMETER,-1,-1,munday_bickley_Subcats_2008_V1,PERIMETER,-1,-1,PAN_Subcats_2008_V1,PERIMETER,-1,-1,PAS_Subcats_2008_V1,PERIMETER,-1,-1,sr_Subcats_2008_V1,PERIMETER,-1,-1,Sth_Belmont_Subcats_2008_V1,PERIMETER,-1,-1,Sth_Perth_Subcats_2008_V1,PERIMETER,-1,-1,Susannah_Subcats_2008_V1,PERIMETER,-1,-1,Upper_Canning_Subcats_2008_V1,PERIMETER,-1,-1,Upper_Swan_Subcats_2008_V2,PERIMETER,-1,-1,Yule_Brook_Subcats_2008_V1,PERIMETER,-1,-1;HECTARES HECTARES true false false 19 Double 0 0 ,First,#,Bayswater_Subcats_2008_V1,HECTARES,-1,-1,Belmont_Central_subcat_z50_2008_v1,HECTARES,-1,-1,Bennett_Brook_Subcats_2008_V1,HECTARES,-1,-1,Blackadder_Subcats_2008_V1,HECTARES,-1,-1,Bullcreek_Subcats_2008_V1,HECTARES,-1,-1,CBD_Subcats_2008_V1,HECTARES,-1,-1,Claisebrook_Subcats_2008_V1,HECTARES,-1,-1,Downstream_Subcats_2008_V1,HECTARES,-1,-1,Ellis_Subcats_2008_V1,HECTARES,-1,-1,Helena_Subcats_2008_V1,HECTARES,-1,-1,Helm_Subcats_2008_V1,HECTARES,-1,-1,Henley_Subcats_2008_V1,HECTARES,-1,-1,Jane_Subcats_2008_V1,HECTARES,-1,-1,lower,HECTARES,-1,-1,maylands_Subcats_2008_V1,HECTARES,-1,-1,Mills_St_Subcats_2008_V1,HECTARES,-1,-1,munday_bickley_Subcats_2008_V1,HECTARES,-1,-1,PAN_Subcats_2008_V1,HECTARES,-1,-1,PAS_Subcats_2008_V1,HECTARES,-1,-1,sr_Subcats_2008_V1,HECTARES,-1,-1,Sth_Belmont_Subcats_2008_V1,HECTARES,-1,-1,Sth_Perth_Subcats_2008_V1,HECTARES,-1,-1,Susannah_Subcats_2008_V1,HECTARES,-1,-1,Upper_Canning_Subcats_2008_V1,HECTARES,-1,-1,Upper_Swan_Subcats_2008_V2,HECTARES,-1,-1,Yule_Brook_Subcats_2008_V1,HECTARES,-1,-1;X_CENTRE X_CENTRE true false false 19 Double 0 0 ,First,#,Bayswater_Subcats_2008_V1,X_CENTRE,-1,-1,Belmont_Central_subcat_z50_2008_v1,X_CENTRE,-1,-1,Bennett_Brook_Subcats_2008_V1,X_CENTRE,-1,-1,Blackadder_Subcats_2008_V1,X_CENTRE,-1,-1,Bullcreek_Subcats_2008_V1,X_CENTRE,-1,-1,CBD_Subcats_2008_V1,X_CENTRE,-1,-1,Claisebrook_Subcats_2008_V1,X_CENTRE,-1,-1,Downstream_Subcats_2008_V1,X_CENTRE,-1,-1,Ellis_Subcats_2008_V1,X_CENTRE,-1,-1,Helena_Subcats_2008_V1,X_CENTRE,-1,-1,Helm_Subcats_2008_V1,X_CENTRE,-1,-1,Henley_Subcats_2008_V1,X_Centre,-1,-1,Jane_Subcats_2008_V1,X_CENTRE,-1,-1,lower,X_CENTRE,-1,-1,Lower_Canning_Subcats_2008_calibV8,X_CENTRE,-1,-1,maylands_Subcats_2008_V1,X_CENTRE,-1,-1,Millendon_Subcats_2008_V1,X_CENTRE,-1,-1,Mills_St_Subcats_2008_V1,X_CENTRE,-1,-1,munday_bickley_Subcats_2008_V1,X_CENTRE,-1,-1,PAN_Subcats_2008_V1,X_CENTRE,-1,-1,PAS_Subcats_2008_V1,X_CENTRE,-1,-1,sr_Subcats_2008_V1,X_CENTRE,-1,-1,Sth_Perth_Subcats_2008_V1,X_CENTRE,-1,-1,Susannah_Subcats_2008_V1,X_CENTRE,-1,-1,Upper_Canning_Subcats_2008_V1,X_CENTRE,-1,-1,Upper_Swan_Subcats_2008_V2,X_CENTRE,-1,-1,Yule_Brook_Subcats_2008_V1,X_CENTRE,-1,-1;Y_CENTRE Y_CENTRE true false false 19 Double 0 0 ,First,#,Bayswater_Subcats_2008_V1,Y_CENTRE,-1,-1,Belmont_Central_subcat_z50_2008_v1,Y_CENTRE,-1,-1,Bennett_Brook_Subcats_2008_V1,Y_CENTRE,-1,-1,Blackadder_Subcats_2008_V1,Y_CENTRE,-1,-1,Bullcreek_Subcats_2008_V1,Y_CENTRE,-1,-1,CBD_Subcats_2008_V1,Y_CENTRE,-1,-1,Claisebrook_Subcats_2008_V1,Y_CENTRE,-1,-1,Downstream_Subcats_2008_V1,Y_CENTRE,-1,-1,Ellis_Subcats_2008_V1,Y_CENTRE,-1,-1,Helena_Subcats_2008_V1,Y_CENTRE,-1,-1,Helm_Subcats_2008_V1,Y_CENTRE,-1,-1,Henley_Subcats_2008_V1,Y_Centre,-1,-1,Jane_Subcats_2008_V1,Y_CENTRE,-1,-1,lower,Y_CENTRE,-1,-1,Lower_Canning_Subcats_2008_calibV8,Y_CENTRE,-1,-1,maylands_Subcats_2008_V1,Y_CENTRE,-1,-1,Millendon_Subcats_2008_V1,Y_CENTRE,-1,-1,Mills_St_Subcats_2008_V1,Y_CENTRE,-1,-1,munday_bickley_Subcats_2008_V1,Y_CENTRE,-1,-1,PAN_Subcats_2008_V1,Y_CENTRE,-1,-1,PAS_Subcats_2008_V1,Y_CENTRE,-1,-1,sr_Subcats_2008_V1,Y_CENTRE,-1,-1,Sth_Perth_Subcats_2008_V1,Y_CENTRE,-1,-1,Susannah_Subcats_2008_V1,Y_CENTRE,-1,-1,Upper_Canning_Subcats_2008_V1,Y_CENTRE,-1,-1,Upper_Swan_Subcats_2008_V2,Y_CENTRE,-1,-1,Yule_Brook_Subcats_2008_V1,Y_CENTRE,-1,-1;COMMENTS COMMENTS true false false 32 Text 0 0 ,First,#,Bayswater_Subcats_2008_V1,COMMENTS,-1,-1,Bennett_Brook_Subcats_2008_V1,COMMENTS,-1,-1,Blackadder_Subcats_2008_V1,COMMENTS,-1,-1,Bullcreek_Subcats_2008_V1,COMMENTS,-1,-1,CBD_Subcats_2008_V1,COMMENTS,-1,-1,Claisebrook_Subcats_2008_V1,COMMENTS,-1,-1,Downstream_Subcats_2008_V1,COMMENTS,-1,-1,Ellis_Subcats_2008_V1,COMMENTS,-1,-1,Helena_Subcats_2008_V1,COMMENTS,-1,-1,Helm_Subcats_2008_V1,COMMENTS,-1,-1,Jane_Subcats_2008_V1,COMMENTS,-1,-1,Lower_Canning_Subcats_2008_calibV8,COMMENTS,-1,-1,maylands_Subcats_2008_V1,COMMENTS,-1,-1,Mills_St_Subcats_2008_V1,COMMENTS,-1,-1,munday_bickley_Subcats_2008_V1,COMMENTS,-1,-1,PAN_Subcats_2008_V1,COMMENTS,-1,-1,PAS_Subcats_2008_V1,COMMENTS,-1,-1,St_Leonards_Subcats_2008_V1,COMMENTS,-1,-1,Sth_Perth_Subcats_2008_V1,COMMENTS,-1,-1,Susannah_Subcats_2008_V1,COMMENTS,-1,-1,Upper_Canning_Subcats_2008_V1,COMMENTS,-1,-1,Upper_Swan_Subcats_2008_V2,COMMENTS,-1,-1,Yule_Brook_Subcats_2008_V1,COMMENTS,-1,-1;STREAMLENG STREAMLENG true false false 19 Double 0 0 ,First,#,Bayswater_Subcats_2008_V1,STREAMLENG,-1,-1,Belmont_Central_subcat_z50_2008_v1,STREAMLENG,-1,-1,Bennett_Brook_Subcats_2008_V1,STREAMLENG,-1,-1,Bullcreek_Subcats_2008_V1,STREAMLENG,-1,-1,CBD_Subcats_2008_V1,STREAMLENG,-1,-1,Claisebrook_Subcats_2008_V1,STREAMLENG,-1,-1,Downstream_Subcats_2008_V1,STREAMLENG,-1,-1,Ellis_Subcats_2008_V1,STREAMLENG,-1,-1,Helena_Subcats_2008_V1,STREAMLENG,-1,-1,Helm_Subcats_2008_V1,STREAMLENG,-1,-1,lower,STREAMLENG,-1,-1,Lower_Canning_Subcats_2008_calibV8,STREAMLENG,-1,-1,Mills_St_Subcats_2008_V1,STREAMLENG,-1,-1,munday_bickley_Subcats_2008_V1,STREAMLENG,-1,-1,PAS_Subcats_2008_V1,STREAMLENG,-1,-1,sr_Subcats_2008_V1,STREAMLENG,-1,-1,Sth_Belmont_Subcats_2008_V1,STREAMLENG,-1,-1,Susannah_Subcats_2008_V1,STREAMLENG,-1,-1,Upper_Canning_Subcats_2008_V1,STREAMLENG,-1,-1,Yule_Brook_Subcats_2008_V1,STREAMLENG,-1,-1;LENGTH_CON LENGTH_CON true false false 19 Double 0 0 ,First,#,Bayswater_Subcats_2008_V1,LENGTH_CON,-1,-1,Belmont_Central_subcat_z50_2008_v1,LENGTH_CON,-1,-1,Bennett_Brook_Subcats_2008_V1,LENGTH_CON,-1,-1,Bullcreek_Subcats_2008_V1,LENGTH_CON,-1,-1,CBD_Subcats_2008_V1,LENGTH_CON,-1,-1,Claisebrook_Subcats_2008_V1,LENGTH_CON,-1,-1,Downstream_Subcats_2008_V1,LENGTH_CON,-1,-1,Ellis_Subcats_2008_V1,LENGTH_CON,-1,-1,Helena_Subcats_2008_V1,LENGTH_CON,-1,-1,Helm_Subcats_2008_V1,LENGTH_CON,-1,-1,Jane_Subcats_2008_V1,LENGTH_CON,-1,-1,lower,LENGTH_CON,-1,-1,Lower_Canning_Subcats_2008_calibV8,LENGTH_CON,-1,-1,Mills_St_Subcats_2008_V1,LENGTH_CON,-1,-1,PAS_Subcats_2008_V1,LENGTH_CON,-1,-1,sr_Subcats_2008_V1,LENGTH_CON,-1,-1,Sth_Belmont_Subcats_2008_V1,LENGTH_CON,-1,-1,Upper_Canning_Subcats_2008_V1,LENGTH_CON,-1,-1,Yule_Brook_Subcats_2008_V1,LENGTH_CON,-1,-1;ST_LENGTH ST_LENGTH true false false 19 Double 0 0 ,First,#,Bayswater_Subcats_2008_V1,ST_LENGTH,-1,-1,Bennett_Brook_Subcats_2008_V1,ST_LENGTH,-1,-1,Blackadder_Subcats_2008_V1,ST_LENGTH,-1,-1,Bullcreek_Subcats_2008_V1,ST_LENGTH,-1,-1,CBD_Subcats_2008_V1,ST_LENGTH,-1,-1,Claisebrook_Subcats_2008_V1,ST_LENGTH,-1,-1,Ellis_Subcats_2008_V1,ST_LENGTH,-1,-1,Millendon_Subcats_2008_V1,ST_LENGTH,-1,-1,Mills_St_Subcats_2008_V1,ST_LENGTH,-1,-1,munday_bickley_Subcats_2008_V1,ST_LENGTH,-1,-1,sr_Subcats_2008_V1,ST_LENGTH,-1,-1,Sth_Perth_Subcats_2008_V1,ST_LENGTH,-1,-1,Upper_Canning_Subcats_2008_V1,ST_LENGTH,-1,-1,Yule_Brook_Subcats_2008_V1,ST_LENGTH,-1,-1;OBJECTID_1 OBJECTID_1 true false false 9 Long 0 9 ,First,#,Bullcreek_Subcats_2008_V1,OBJECTID_1,-1,-1,Downstream_Subcats_2008_V1,OBJECTID_1,-1,-1;AREA_KM2 AREA_KM2 true false false 19 Double 0 0 ,First,#,Bullcreek_Subcats_2008_V1,AREA_KM2,-1,-1,Downstream_Subcats_2008_V1,AREA_KM2,-1,-1;PERIM_KM PERIM_KM true false false 19 Double 0 0 ,First,#,Bullcreek_Subcats_2008_V1,PERIM_KM,-1,-1,Downstream_Subcats_2008_V1,PERIM_KM,-1,-1;AUTONUMBER AUTONUMBER true false false 19 Double 0 0 ,First,#,Bullcreek_Subcats_2008_V1,AUTONUMBER,-1,-1,Downstream_Subcats_2008_V1,AUTONUMBER,-1,-1;SUB_TO SUB_TO true false false 19 Double 11 18 ,First,#,EllenBrook_Subcats_2008_V4,SUB_TO,-1,-1;DIST_TO_OF DIST_TO_OF true false false 19 Double 11 18 ,First,#,EllenBrook_Subcats_2008_V4,DIST_TO_OF,-1,-1,Upper_Swan_Subcats_2008_V2,DIST_TO_OF,-1,-1;BASIN_AREA BASIN_AREA true false false 19 Double 11 18 ,First,#,EllenBrook_Subcats_2008_V4,BASIN_AREA,-1,-1,Upper_Swan_Subcats_2008_V2,BASIN_AREA,-1,-1;LINK_AREA LINK_AREA true false false 19 Double 11 18 ,First,#,EllenBrook_Subcats_2008_V4,LINK_AREA,-1,-1;EASTING EASTING true false false 19 Double 11 18 ,First,#,EllenBrook_Subcats_2008_V4,EASTING,-1,-1;NORTHING NORTHING true false false 19 Double 11 18 ,First,#,EllenBrook_Subcats_2008_V4,NORTHING,-1,-1;P_INPUT P_INPUT true false false 19 Double 3 18 ,First,#,EllenBrook_Subcats_2008_V4,P_INPUT,-1,-1;PRI PRI true false false 19 Double 1 18 ,First,#,EllenBrook_Subcats_2008_V4,PRI,-1,-1;LOC_SUB__1 LOC_SUB__1 true false false 19 Double 0 0 ,First,#,Ellis_Subcats_2008_V1,LOC_SUB__1,-1,-1,Helm_Subcats_2008_V1,LOC_SUB__1,-1,-1;LOC_SUB__2 LOC_SUB__2 true false false 19 Double 0 0 ,First,#,Ellis_Subcats_2008_V1,LOC_SUB__2,-1,-1,Helm_Subcats_2008_V1,LOC_SUB__2,-1,-1;COMMENT COMMENT true false false 32 Text 0 0 ,First,#,Henley_Subcats_2008_V1,COMMENT,-1,-1;STREAM STREAM true false false 9 Long 0 9 ,First,#,Henley_Subcats_2008_V1,STREAM,-1,-1;STREAM_CON STREAM_CON true false false 9 Long 0 9 ,First,#,Henley_Subcats_2008_V1,STREAM_CON,-1,-1;STREAM_M STREAM_M true false false 19 Double 0 0 ,First,#,Jane_Subcats_2008_V1,STREAM_M,-1,-1;LENGTH_OUT LENGTH_OUT true false false 19 Double 0 0 ,First,#,munday_bickley_Subcats_2008_V1,LENGTH_OUT,-1,-1;SUBCAT SUBCAT true false false 16 Text 0 0 ,First,#,sr_Subcats_2008_V1,SUBCAT,-1,-1;SUBID2006 SUBID2006 true false false 19 Double 0 0 ,First,#,sr_Subcats_2008_V1,SUBID2006,-1,-1;DRAIN2 DRAIN2 true false false 9 Long 0 9 ,First,#,sr_Subcats_2008_V1,DRAIN2,-1,-1;LENGTH LENGTH true false false 9 Long 0 9 ,First,#,St_Leonards_Subcats_2008_V1,LENGTH,-1,-1;LENGTH_UPP LENGTH_UPP true false false 9 Long 0 9 ,First,#,St_Leonards_Subcats_2008_V1,LENGTH_UPP,-1,-1;CENTROIDX CENTROIDX true false false 19 Double 0 0 ,First,#,Sth_Belmont_Subcats_2008_V1,CENTROIDX,-1,-1;CENTROIDY CENTROIDY true false false 19 Double 0 0 ,First,#,Sth_Belmont_Subcats_2008_V1,CENTROIDY,-1,-1;CATCH CATCH true false false 19 Double 0 0 ,First,#,Susannah_Subcats_2008_V1,CATCH,-1,-1;LEGTH_CONN LEGTH_CONN true false false 9 Long 0 9 ,First,#,Susannah_Subcats_2008_V1,LEGTH_CONN,-1,-1"</Process><Process ToolSource="C:\Program Files\ArcGIS\Desktop10.0\ArcToolbox\Toolboxes\Data Management Tools.tbx\AddField" Date="20111115" Time="101359">AddField Swan_Canning_Subcatchments_merged Receiv_WW SHORT # # # # NON_NULLABLE NON_REQUIRED #</Process><Process ToolSource="C:\Program Files\ArcGIS\Desktop10.0\ArcToolbox\Toolboxes\Data Management Tools.tbx\CalculateField" Date="20111115" Time="101543">CalculateField Swan_Canning_Subcatchments_merged Receiv_WW 5 VB #</Process><Process ToolSource="C:\Program Files\ArcGIS\Desktop10.0\ArcToolbox\Toolboxes\Data Management Tools.tbx\CalculateField" Date="20111115" Time="101626">CalculateField Swan_Canning_Subcatchments_merged Receiv_WW 5 VB #</Process><Process ToolSource="C:\Program Files\ArcGIS\Desktop10.0\ArcToolbox\Toolboxes\Data Management Tools.tbx\CalculateField" Date="20111115" Time="101729">CalculateField Swan_Canning_Subcatchments_merged Receiv_WW 5 VB #</Process><Process ToolSource="C:\Program Files\ArcGIS\Desktop10.0\ArcToolbox\Toolboxes\Data Management Tools.tbx\CalculateField" Date="20111115" Time="101806">CalculateField Swan_Canning_Subcatchments_merged Receiv_WW 5 VB #</Process><Process ToolSource="C:\Program Files\ArcGIS\Desktop10.0\ArcToolbox\Toolboxes\Data Management Tools.tbx\CalculateField" Date="20111115" Time="101901">CalculateField Swan_Canning_Subcatchments_merged Receiv_WW 5 VB #</Process><Process ToolSource="C:\Program Files\ArcGIS\Desktop10.0\ArcToolbox\Toolboxes\Data Management Tools.tbx\CalculateField" Date="20111115" Time="102007">CalculateField Swan_Canning_Subcatchments_merged Receiv_WW 5 VB #</Process><Process ToolSource="C:\Program Files\ArcGIS\Desktop10.0\ArcToolbox\Toolboxes\Data Management Tools.tbx\CalculateField" Date="20111115" Time="102131">CalculateField Swan_Canning_Subcatchments_merged Receiv_WW 5 VB #</Process><Process ToolSource="C:\Program Files\ArcGIS\Desktop10.0\ArcToolbox\Toolboxes\Data Management Tools.tbx\CalculateField" Date="20111115" Time="102307">CalculateField Swan_Canning_Subcatchments_merged Receiv_WW 5 VB #</Process><Process ToolSource="C:\Program Files\ArcGIS\Desktop10.0\ArcToolbox\Toolboxes\Data Management Tools.tbx\CalculateField" Date="20111115" Time="102457">CalculateField Swan_Canning_Subcatchments_merged Receiv_WW 5 VB #</Process><Process ToolSource="C:\Program Files\ArcGIS\Desktop10.0\ArcToolbox\Toolboxes\Data Management Tools.tbx\CalculateField" Date="20111115" Time="102610">CalculateField Swan_Canning_Subcatchments_merged Receiv_WW 5 VB #</Process><Process ToolSource="C:\Program Files\ArcGIS\Desktop10.0\ArcToolbox\Toolboxes\Data Management Tools.tbx\CalculateField" Date="20111115" Time="102642">CalculateField Swan_Canning_Subcatchments_merged Receiv_WW 5 VB #</Process><Process ToolSource="C:\Program Files\ArcGIS\Desktop10.0\ArcToolbox\Toolboxes\Data Management Tools.tbx\CalculateField" Date="20111115" Time="102750">CalculateField Swan_Canning_Subcatchments_merged Receiv_WW 5 VB #</Process><Process ToolSource="C:\Program Files\ArcGIS\Desktop10.0\ArcToolbox\Toolboxes\Data Management Tools.tbx\CalculateField" Date="20111115" Time="102819">CalculateField Swan_Canning_Subcatchments_merged Receiv_WW 5 VB #</Process><Process ToolSource="C:\Program Files\ArcGIS\Desktop10.0\ArcToolbox\Toolboxes\Data Management Tools.tbx\CalculateField" Date="20111115" Time="102918">CalculateField Swan_Canning_Subcatchments_merged Receiv_WW 5 VB #</Process><Process ToolSource="C:\Program Files\ArcGIS\Desktop10.0\ArcToolbox\Toolboxes\Data Management Tools.tbx\CalculateField" Date="20111115" Time="103149">CalculateField Swan_Canning_Subcatchments_merged Receiv_WW 5 VB #</Process><Process ToolSource="C:\Program Files\ArcGIS\Desktop10.0\ArcToolbox\Toolboxes\Data Management Tools.tbx\CalculateField" Date="20111115" Time="103256">CalculateField Swan_Canning_Subcatchments_merged Receiv_WW 5 VB #</Process><Process ToolSource="C:\Program Files\ArcGIS\Desktop10.0\ArcToolbox\Toolboxes\Data Management Tools.tbx\CalculateField" Date="20111115" Time="103402">CalculateField Swan_Canning_Subcatchments_merged Receiv_WW 5 VB #</Process><Process ToolSource="C:\Program Files\ArcGIS\Desktop10.0\ArcToolbox\Toolboxes\Data Management Tools.tbx\CalculateField" Date="20111115" Time="103603">CalculateField Swan_Canning_Subcatchments_merged Receiv_WW 4 VB #</Process><Process ToolSource="C:\Program Files\ArcGIS\Desktop10.0\ArcToolbox\Toolboxes\Data Management Tools.tbx\CalculateField" Date="20111115" Time="103726">CalculateField Swan_Canning_Subcatchments_merged Receiv_WW 4 VB #</Process><Process ToolSource="C:\Program Files\ArcGIS\Desktop10.0\ArcToolbox\Toolboxes\Data Management Tools.tbx\CalculateField" Date="20111115" Time="103848">CalculateField Swan_Canning_Subcatchments_merged Receiv_WW 4 VB #</Process><Process ToolSource="C:\Program Files\ArcGIS\Desktop10.0\ArcToolbox\Toolboxes\Data Management Tools.tbx\CalculateField" Date="20111115" Time="104140">CalculateField Swan_Canning_Subcatchments_merged Receiv_WW 3 VB #</Process><Process ToolSource="C:\Program Files\ArcGIS\Desktop10.0\ArcToolbox\Toolboxes\Data Management Tools.tbx\CalculateField" Date="20111115" Time="104307">CalculateField Swan_Canning_Subcatchments_merged Receiv_WW 3 VB #</Process><Process ToolSource="C:\Program Files\ArcGIS\Desktop10.0\ArcToolbox\Toolboxes\Data Management Tools.tbx\CalculateField" Date="20111115" Time="104341">CalculateField Swan_Canning_Subcatchments_merged Receiv_WW 3 VB #</Process><Process ToolSource="c:\program files (x86)\arcgis\desktop10.5\ArcToolbox\Toolboxes\Data Management Tools.tbx\Project" Date="20190827" Time="131819">Project Swan_Canning_Subcatchments_merged "C:\Dan\Uni\Big Swan\AED_SwanCatchments\3_Data\Spatial\OverviewSpatial\DefineCatchments\Subcatchments.shp" PROJCS['WGS_1984_UTM_Zone_50S',GEOGCS['GCS_WGS_1984',DATUM['D_WGS_1984',SPHEROID['WGS_1984',6378137.0,298.257223563]],PRIMEM['Greenwich',0.0],UNIT['Degree',0.0174532925199433]],PROJECTION['Transverse_Mercator'],PARAMETER['False_Easting',500000.0],PARAMETER['False_Northing',10000000.0],PARAMETER['Central_Meridian',117.0],PARAMETER['Scale_Factor',0.9996],PARAMETER['Latitude_Of_Origin',0.0],UNIT['Meter',1.0]] GDA_1994_To_WGS_1984 PROJCS['GDA_1994_MGA_Zone_50',GEOGCS['GCS_GDA_1994',DATUM['D_GDA_1994',SPHEROID['GRS_1980',6378137.0,298.257222101]],PRIMEM['Greenwich',0.0],UNIT['Degree',0.0174532925199433]],PROJECTION['Transverse_Mercator'],PARAMETER['False_Easting',500000.0],PARAMETER['False_Northing',10000000.0],PARAMETER['Central_Meridian',117.0],PARAMETER['Scale_Factor',0.9996],PARAMETER['Latitude_Of_Origin',0.0],UNIT['Meter',1.0]] NO_PRESERVE_SHAPE # NO_VERTICAL</Process><Process ToolSource="c:\program files (x86)\arcgis\desktop10.5\ArcToolbox\Toolboxes\Data Management Tools.tbx\Project" Date="20190827" Time="132101">Project Subcatchments "C:\Dan\Uni\Big Swan\AED_SwanCatchments\3_Data\Spatial\OverviewSpatial\DefineCatchments\SubcatchmentsP.shp" PROJCS['WGS_1984_UTM_Zone_50S',GEOGCS['GCS_WGS_1984',DATUM['D_WGS_1984',SPHEROID['WGS_1984',6378137.0,298.257223563]],PRIMEM['Greenwich',0.0],UNIT['Degree',0.0174532925199433]],PROJECTION['Transverse_Mercator'],PARAMETER['False_Easting',500000.0],PARAMETER['False_Northing',10000000.0],PARAMETER['Central_Meridian',117.0],PARAMETER['Scale_Factor',0.9996],PARAMETER['Latitude_Of_Origin',0.0],UNIT['Meter',1.0]] # PROJCS['WGS_1984_UTM_Zone_50S',GEOGCS['GCS_WGS_1984',DATUM['D_WGS_1984',SPHEROID['WGS_1984',6378137.0,298.257223563]],PRIMEM['Greenwich',0.0],UNIT['Degree',0.0174532925199433]],PROJECTION['Transverse_Mercator'],PARAMETER['False_Easting',500000.0],PARAMETER['False_Northing',10000000.0],PARAMETER['Central_Meridian',117.0],PARAMETER['Scale_Factor',0.9996],PARAMETER['Latitude_Of_Origin',0.0],UNIT['Meter',1.0]] NO_PRESERVE_SHAPE # NO_VERTICAL</Process><Process ToolSource="c:\program files (x86)\arcgis\desktop10.5\ArcToolbox\Toolboxes\Analysis Tools.tbx\Clip" Date="20190904" Time="160435">Clip SubcatchmentsP YuleBrook "C:\Dan\Uni\Big Swan\AED_SwanCatchments\3_Data\Spatial\OverviewSpatial\YuleBrook\YuleSubs.shp" #</Process></lineage><itemProps><itemName Sync="TRUE">YuleSubs</itemName><imsContentType Sync="TRUE">002</imsContentType><itemSize Sync="TRUE">0.000</itemSize><itemLocation><linkage Sync="TRUE">file://\\SCI-35526\C$\Dan\Uni\Big Swan\AED_SwanCatchments\3_Data\Spatial\OverviewSpatial\YuleBrook\YuleSubs.shp</linkage><protocol Sync="TRUE">Local Area Network</protocol></itemLocation></itemProps><coordRef><type Sync="TRUE">Projected</type><geogcsn Sync="TRUE">GCS_WGS_1984</geogcsn><csUnits Sync="TRUE">Linear Unit: Meter (1.000000)</csUnits><projcsn Sync="TRUE">WGS_1984_UTM_Zone_50S</projcsn><peXml Sync="TRUE">&lt;ProjectedCoordinateSystem xsi:type='typens:ProjectedCoordinateSystem' xmlns:xsi='http://www.w3.org/2001/XMLSchema-instance' xmlns:xs='http://www.w3.org/2001/XMLSchema' xmlns:typens='http://www.esri.com/schemas/ArcGIS/10.5'&gt;&lt;WKT&gt;PROJCS[&amp;quot;WGS_1984_UTM_Zone_50S&amp;quot;,GEOGCS[&amp;quot;GCS_WGS_1984&amp;quot;,DATUM[&amp;quot;D_WGS_1984&amp;quot;,SPHEROID[&amp;quot;WGS_1984&amp;quot;,6378137.0,298.257223563]],PRIMEM[&amp;quot;Greenwich&amp;quot;,0.0],UNIT[&amp;quot;Degree&amp;quot;,0.0174532925199433]],PROJECTION[&amp;quot;Transverse_Mercator&amp;quot;],PARAMETER[&amp;quot;False_Easting&amp;quot;,500000.0],PARAMETER[&amp;quot;False_Northing&amp;quot;,10000000.0],PARAMETER[&amp;quot;Central_Meridian&amp;quot;,117.0],PARAMETER[&amp;quot;Scale_Factor&amp;quot;,0.9996],PARAMETER[&amp;quot;Latitude_Of_Origin&amp;quot;,0.0],UNIT[&amp;quot;Meter&amp;quot;,1.0],AUTHORITY[&amp;quot;EPSG&amp;quot;,32750]]&lt;/WKT&gt;&lt;XOrigin&gt;-5120900&lt;/XOrigin&gt;&lt;YOrigin&gt;1900&lt;/YOrigin&gt;&lt;XYScale&gt;450445547.3910538&lt;/XYScale&gt;&lt;ZOrigin&gt;-100000&lt;/ZOrigin&gt;&lt;ZScale&gt;10000&lt;/ZScale&gt;&lt;MOrigin&gt;-100000&lt;/MOrigin&gt;&lt;MScale&gt;10000&lt;/MScale&gt;&lt;XYTolerance&gt;0.001&lt;/XYTolerance&gt;&lt;ZTolerance&gt;0.001&lt;/ZTolerance&gt;&lt;MTolerance&gt;0.001&lt;/MTolerance&gt;&lt;HighPrecision&gt;true&lt;/HighPrecision&gt;&lt;WKID&gt;32750&lt;/WKID&gt;&lt;LatestWKID&gt;32750&lt;/LatestWKID&gt;&lt;/ProjectedCoordinateSystem&gt;</peXml></coordRef></DataProperties><ArcGISFormat>1.0</ArcGISFormat></Esri><idinfo><native Sync="TRUE">Microsoft Windows XP Version 5.1 (Build 2600) Service Pack 2; ESRI ArcCatalog 9.2.6.1500</native><descript><langdata Sync="TRUE">en</langdata><abstract>REQUIRED: A brief narrative summary of the data set.</abstract><purpose>REQUIRED: A summary of the intentions with which the data set was developed.</purpose></descript><citation><citeinfo><origin>REQUIRED: The name of an organization or individual that developed the data set.</origin><pubdate>REQUIRED: The date when the data set is published or otherwise made available for release.</pubdate><title Sync="TRUE">Swan_Canning_Subcatchments_merged</title><ftname Sync="TRUE">Swan_Canning_Subcatchments_merged</ftname><geoform Sync="TRUE">vector digital data</geoform><onlink Sync="TRUE">\\meerup\datanew\Region\Swan\SRT_Predictive_Modelling_09\SpatialData\Subcatchments\Swan_Canning_Subcatchments_merged.shp</onlink></citeinfo></citation><timeperd><current>REQUIRED: The basis on which the time period of content information is determined.</current><timeinfo><sngdate><caldate>REQUIRED: The year (and optionally month, or month and day) for which the data set corresponds to the ground.</caldate></sngdate></timeinfo></timeperd><status><progress>REQUIRED: The state of the data set.</progress><update>REQUIRED: The frequency with which changes and additions are made to the data set after the initial data set is completed.</update></status><spdom><bounding><westbc Sync="TRUE">REQUIRED: Western-most coordinate of the limit of coverage expressed in longitude.</westbc><eastbc Sync="TRUE">REQUIRED: Eastern-most coordinate of the limit of coverage expressed in longitude.</eastbc><northbc Sync="TRUE">REQUIRED: Northern-most coordinate of the limit of coverage expressed in latitude.</northbc><southbc Sync="TRUE">REQUIRED: Southern-most coordinate of the limit of coverage expressed in latitude.</southbc></bounding></spdom><keywords><theme><themekt>REQUIRED: Reference to a formally registered thesaurus or a similar authoritative source of theme keywords.</themekt><themekey>REQUIRED: Common-use word or phrase used to describe the subject of the data set.</themekey></theme></keywords><accconst>REQUIRED: Restrictions and legal prerequisites for accessing the data set.</accconst><useconst>REQUIRED: Restrictions and legal prerequisites for using the data set after access is granted.</useconst><natvform Sync="TRUE">Shapefile</natvform></idinfo><dataIdInfo><envirDesc Sync="TRUE"> Version 6.2 (Build 9200) ; Esri ArcGIS 10.5.1.7333</envirDesc><dataLang><languageCode Sync="TRUE" value="eng"></languageCode><countryCode value="AUS" Sync="TRUE"></countryCode></dataLang><idCitation><resTitle Sync="TRUE">YuleSubs</resTitle><presForm><PresFormCd Sync="TRUE" value="005"></PresFormCd></presForm></idCitation><spatRpType><SpatRepTypCd Sync="TRUE" value="001"></SpatRepTypCd></spatRpType></dataIdInfo><metainfo><langmeta Sync="TRUE">en</langmeta><metstdn Sync="TRUE">FGDC Content Standards for Digital Geospatial Metadata</metstdn><metstdv Sync="TRUE">FGDC-STD-001-1998</metstdv><mettc Sync="TRUE">local time</mettc><metc><cntinfo><cntorgp><cntper>REQUIRED: The person responsible for the metadata information.</cntper><cntorg>REQUIRED: The organization responsible for the metadata information.</cntorg></cntorgp><cntaddr><addrtype>REQUIRED: The mailing and/or physical address for the organization or individual.</addrtype><city>REQUIRED: The city of the address.</city><state>REQUIRED: The state or province of the address.</state><postal>REQUIRED: The ZIP or other postal code of the address.</postal></cntaddr><cntvoice>REQUIRED: The telephone number by which individuals can speak to the organization or individual.</cntvoice></cntinfo></metc><metd Sync="TRUE">20090619</metd></metainfo><mdLang><languageCode Sync="TRUE" value="eng"></languageCode><countryCode value="AUS" Sync="TRUE"></countryCode></mdLang><mdStanName Sync="TRUE">ISO 19115 Geographic Information - Metadata</mdStanName><mdStanVer Sync="TRUE">DIS_ESRI1.0</mdStanVer><mdChar><CharSetCd Sync="TRUE" value="004"></CharSetCd></mdChar><mdHrLv><ScopeCd Sync="TRUE" value="005"></ScopeCd></mdHrLv><mdHrLvName Sync="TRUE">dataset</mdHrLvName><distinfo><resdesc Sync="TRUE">Downloadable Data</resdesc><stdorder><digform><digtinfo><transize Sync="TRUE">0.000</transize><dssize Sync="TRUE">0.000</dssize></digtinfo></digform></stdorder></distinfo><distInfo><distributor><distorTran><onLineSrc><orDesc Sync="TRUE">002</orDesc><linkage Sync="TRUE">file://\\meerup\datanew\Region\Swan\SRT_Predictive_Modelling_09\SpatialData\Subcatchments\Swan_Canning_Subcatchments_merged.shp</linkage><protocol Sync="TRUE">Local Area Network</protocol></onLineSrc><transSize Sync="TRUE">0.000</transSize></distorTran><distorFormat><formatName Sync="TRUE">Shapefile</formatName></distorFormat></distributor><distFormat><formatName Sync="TRUE">Shapefile</formatName></distFormat><distTranOps><transSize Sync="TRUE">0.000</transSize></distTranOps></distInfo><spdoinfo><direct Sync="TRUE">Vector</direct><ptvctinf><esriterm Name="YuleSubs"><efeatyp Sync="TRUE">Simple</efeatyp><efeageom code="4" Sync="TRUE"></efeageom><esritopo Sync="TRUE">FALSE</esritopo><efeacnt Sync="TRUE">0</efeacnt><spindex Sync="TRUE">FALSE</spindex><linrefer Sync="TRUE">FALSE</linrefer></esriterm></ptvctinf></spdoinfo><spref><horizsys><cordsysn><geogcsn Sync="TRUE">GCS_GDA_1994</geogcsn><projcsn Sync="TRUE">GDA_1994_MGA_Zone_50</projcsn></cordsysn><planar><planci><plance Sync="TRUE">coordinate pair</plance><plandu Sync="TRUE">meters</plandu><coordrep><absres Sync="TRUE">0.000000</absres><ordres Sync="TRUE">0.000000</ordres></coordrep></planci></planar><geodetic><horizdn Sync="TRUE">D_GDA_1994</horizdn><ellips Sync="TRUE">Geodetic Reference System 80</ellips><semiaxis Sync="TRUE">6378137.000000</semiaxis><denflat Sync="TRUE">298.257222</denflat></geodetic></horizsys></spref><refSysInfo><RefSystem><refSysID><identCode Sync="TRUE" code="32750">GDA_1994_MGA_Zone_50</identCode><idCodeSpace Sync="TRUE">EPSG</idCodeSpace><idVersion Sync="TRUE">6.11.1(3.0.1)</idVersion></refSysID></RefSystem></refSysInfo><spatRepInfo><VectSpatRep><geometObjs Name="YuleSubs"><geoObjTyp><GeoObjTypCd value="002" Sync="TRUE"></GeoObjTypCd></geoObjTyp><geoObjCnt Sync="TRUE">0</geoObjCnt></geometObjs><topLvl><TopoLevCd value="001" Sync="TRUE"></TopoLevCd></topLvl></VectSpatRep></spatRepInfo><eainfo><detailed Name="YuleSubs"><enttyp><enttypl Sync="TRUE">YuleSubs</enttypl><enttypt Sync="TRUE">Feature Class</enttypt><enttypc Sync="TRUE">0</enttypc></enttyp><attr><attrlabl Sync="TRUE">FID</attrlabl><attalias Sync="TRUE">FID</attalias><attrtype Sync="TRUE">OID</attrtype><attwidth Sync="TRUE">4</attwidth><atprecis Sync="TRUE">0</atprecis><attscale Sync="TRUE">0</attscale><attrdef Sync="TRUE">Internal feature number.</attrdef><attrdefs Sync="TRUE">ESRI</attrdefs><attrdomv><udom Sync="TRUE">Sequential unique whole numbers that are automatically generated.</udom></attrdomv></attr><attr><attrlabl Sync="TRUE">Shape</attrlabl><attalias Sync="TRUE">Shape</attalias><attrtype Sync="TRUE">Geometry</attrtype><attwidth Sync="TRUE">0</attwidth><atprecis Sync="TRUE">0</atprecis><attscale Sync="TRUE">0</attscale><attrdef Sync="TRUE">Feature geometry.</attrdef><attrdefs Sync="TRUE">ESRI</attrdefs><attrdomv><udom Sync="TRUE">Coordinates defining the features.</udom></attrdomv></attr><attr><attrlabl Sync="TRUE">OBJECTID</attrlabl><attalias Sync="TRUE">OBJECTID</attalias><attrtype Sync="TRUE">Integer</attrtype><attwidth Sync="TRUE">10</attwidth><atprecis Sync="TRUE">10</atprecis><attscale Sync="TRUE">0</attscale></attr><attr><attrlabl Sync="TRUE">SUB</attrlabl><attalias Sync="TRUE">SUB</attalias><attrtype Sync="TRUE">Double</attrtype><attwidth Sync="TRUE">19</attwidth><atprecis Sync="TRUE">0</atprecis><attscale Sync="TRUE">0</attscale></attr><attr><attrlabl Sync="TRUE">SUBTO</attrlabl><attalias Sync="TRUE">SUBTO</attalias><attrtype Sync="TRUE">Double</attrtype><attwidth Sync="TRUE">19</attwidth><atprecis Sync="TRUE">0</atprecis><attscale Sync="TRUE">0</attscale></attr><attr><attrlabl Sync="TRUE">SHAPE_Leng</attrlabl><attalias Sync="TRUE">SHAPE_Leng</attalias><attrtype Sync="TRUE">Double</attrtype><attwidth Sync="TRUE">19</attwidth><atprecis Sync="TRUE">0</atprecis><attscale Sync="TRUE">0</attscale></attr><attr><attrlabl Sync="TRUE">SHAPE_Area</attrlabl><attalias Sync="TRUE">SHAPE_Area</attalias><attrtype Sync="TRUE">Double</attrtype><attwidth Sync="TRUE">19</attwidth><attrdef Sync="TRUE">Area of feature in internal units squared.</attrdef><attrdefs Sync="TRUE">ESRI</attrdefs><attrdomv><udom Sync="TRUE">Positive real numbers that are automatically generated.</udom></attrdomv><atprecis Sync="TRUE">0</atprecis><attscale Sync="TRUE">0</attscale></attr><attr><attrlabl Sync="TRUE">xcentroid</attrlabl><attalias Sync="TRUE">xcentroid</attalias><attrtype Sync="TRUE">Double</attrtype><attwidth Sync="TRUE">19</attwidth><atprecis Sync="TRUE">0</atprecis><attscale Sync="TRUE">0</attscale></attr><attr><attrlabl Sync="TRUE">ycentroid</attrlabl><attalias Sync="TRUE">ycentroid</attalias><attrtype Sync="TRUE">Double</attrtype><attwidth Sync="TRUE">19</attwidth><atprecis Sync="TRUE">0</atprecis><attscale Sync="TRUE">0</attscale></attr><attr><attrlabl Sync="TRUE">CATCH_NAME</attrlabl><attalias Sync="TRUE">CATCH_NAME</attalias><attrtype Sync="TRUE">String</attrtype><attwidth Sync="TRUE">25</attwidth><atprecis Sync="TRUE">0</atprecis><attscale Sync="TRUE">0</attscale></attr><attr><attrlabl Sync="TRUE">LOC_SUB_ID</attrlabl><attalias Sync="TRUE">LOC_SUB_ID</attalias><attrtype Sync="TRUE">Integer</attrtype><attwidth Sync="TRUE">10</attwidth><atprecis Sync="TRUE">10</atprecis><attscale Sync="TRUE">0</attscale></attr><attr><attrlabl Sync="TRUE">LOC_SUB_DR</attrlabl><attalias Sync="TRUE">LOC_SUB_DR</attalias><attrtype Sync="TRUE">Integer</attrtype><attwidth Sync="TRUE">10</attwidth><atprecis Sync="TRUE">10</atprecis><attscale Sync="TRUE">0</attscale></attr><attr><attrlabl Sync="TRUE">MSLINK_DBA</attrlabl><attalias Sync="TRUE">MSLINK_DBA</attalias><attrtype Sync="TRUE">Double</attrtype><attwidth Sync="TRUE">19</attwidth><atprecis Sync="TRUE">0</atprecis><attscale Sync="TRUE">0</attscale></attr><attr><attrlabl Sync="TRUE">AREA_SQ_KM</attrlabl><attalias Sync="TRUE">AREA_SQ_KM</attalias><attrtype Sync="TRUE">Double</attrtype><attwidth Sync="TRUE">19</attwidth><atprecis Sync="TRUE">0</atprecis><attscale Sync="TRUE">0</attscale></attr><attr><attrlabl Sync="TRUE">AREA</attrlabl><attalias Sync="TRUE">AREA</attalias><attrtype Sync="TRUE">Double</attrtype><attwidth Sync="TRUE">19</attwidth><atprecis Sync="TRUE">0</atprecis><attscale Sync="TRUE">0</attscale></attr><attr><attrlabl Sync="TRUE">PERIMETER</attrlabl><attalias Sync="TRUE">PERIMETER</attalias><attrtype Sync="TRUE">Double</attrtype><attwidth Sync="TRUE">19</attwidth><atprecis Sync="TRUE">0</atprecis><attscale Sync="TRUE">0</attscale></attr><attr><attrlabl Sync="TRUE">HECTARES</attrlabl><attalias Sync="TRUE">HECTARES</attalias><attrtype Sync="TRUE">Double</attrtype><attwidth Sync="TRUE">19</attwidth><atprecis Sync="TRUE">0</atprecis><attscale Sync="TRUE">0</attscale></attr><attr><attrlabl Sync="TRUE">X_CENTRE</attrlabl><attalias Sync="TRUE">X_CENTRE</attalias><attrtype Sync="TRUE">Double</attrtype><attwidth Sync="TRUE">19</attwidth><atprecis Sync="TRUE">0</atprecis><attscale Sync="TRUE">0</attscale></attr><attr><attrlabl Sync="TRUE">Y_CENTRE</attrlabl><attalias Sync="TRUE">Y_CENTRE</attalias><attrtype Sync="TRUE">Double</attrtype><attwidth Sync="TRUE">19</attwidth><atprecis Sync="TRUE">0</atprecis><attscale Sync="TRUE">0</attscale></attr><attr><attrlabl Sync="TRUE">COMMENTS</attrlabl><attalias Sync="TRUE">COMMENTS</attalias><attrtype Sync="TRUE">String</attrtype><attwidth Sync="TRUE">32</attwidth><atprecis Sync="TRUE">0</atprecis><attscale Sync="TRUE">0</attscale></attr><attr><attrlabl Sync="TRUE">STREAMLENG</attrlabl><attalias Sync="TRUE">STREAMLENG</attalias><attrtype Sync="TRUE">Double</attrtype><attwidth Sync="TRUE">19</attwidth><atprecis Sync="TRUE">0</atprecis><attscale Sync="TRUE">0</attscale></attr><attr><attrlabl Sync="TRUE">LENGTH_CON</attrlabl><attalias Sync="TRUE">LENGTH_CON</attalias><attrtype Sync="TRUE">Double</attrtype><attwidth Sync="TRUE">19</attwidth><atprecis Sync="TRUE">0</atprecis><attscale Sync="TRUE">0</attscale></attr><attr><attrlabl Sync="TRUE">ST_LENGTH</attrlabl><attalias Sync="TRUE">ST_LENGTH</attalias><attrtype Sync="TRUE">Double</attrtype><attwidth Sync="TRUE">19</attwidth><atprecis Sync="TRUE">0</atprecis><attscale Sync="TRUE">0</attscale></attr><attr><attrlabl Sync="TRUE">OBJECTID_1</attrlabl><attalias Sync="TRUE">OBJECTID_1</attalias><attrtype Sync="TRUE">Integer</attrtype><attwidth Sync="TRUE">10</attwidth><atprecis Sync="TRUE">10</atprecis><attscale Sync="TRUE">0</attscale></attr><attr><attrlabl Sync="TRUE">AREA_KM2</attrlabl><attalias Sync="TRUE">AREA_KM2</attalias><attrtype Sync="TRUE">Double</attrtype><attwidth Sync="TRUE">19</attwidth><atprecis Sync="TRUE">0</atprecis><attscale Sync="TRUE">0</attscale></attr><attr><attrlabl Sync="TRUE">PERIM_KM</attrlabl><attalias Sync="TRUE">PERIM_KM</attalias><attrtype Sync="TRUE">Double</attrtype><attwidth Sync="TRUE">19</attwidth><atprecis Sync="TRUE">0</atprecis><attscale Sync="TRUE">0</attscale></attr><attr><attrlabl Sync="TRUE">AUTONUMBER</attrlabl><attalias Sync="TRUE">AUTONUMBER</attalias><attrtype Sync="TRUE">Double</attrtype><attwidth Sync="TRUE">19</attwidth><atprecis Sync="TRUE">0</atprecis><attscale Sync="TRUE">0</attscale></attr><attr><attrlabl Sync="TRUE">SUB_TO</attrlabl><attalias Sync="TRUE">SUB_TO</attalias><attrtype Sync="TRUE">Double</attrtype><attwidth Sync="TRUE">19</attwidth><atprecis Sync="TRUE">0</atprecis><attscale Sync="TRUE">0</attscale></attr><attr><attrlabl Sync="TRUE">DIST_TO_OF</attrlabl><attalias Sync="TRUE">DIST_TO_OF</attalias><attrtype Sync="TRUE">Double</attrtype><attwidth Sync="TRUE">19</attwidth><atprecis Sync="TRUE">0</atprecis><attscale Sync="TRUE">0</attscale></attr><attr><attrlabl Sync="TRUE">BASIN_AREA</attrlabl><attalias Sync="TRUE">BASIN_AREA</attalias><attrtype Sync="TRUE">Double</attrtype><attwidth Sync="TRUE">19</attwidth><atprecis Sync="TRUE">0</atprecis><attscale Sync="TRUE">0</attscale></attr><attr><attrlabl Sync="TRUE">LINK_AREA</attrlabl><attalias Sync="TRUE">LINK_AREA</attalias><attrtype Sync="TRUE">Double</attrtype><attwidth Sync="TRUE">19</attwidth><atprecis Sync="TRUE">0</atprecis><attscale Sync="TRUE">0</attscale></attr><attr><attrlabl Sync="TRUE">EASTING</attrlabl><attalias Sync="TRUE">EASTING</attalias><attrtype Sync="TRUE">Double</attrtype><attwidth Sync="TRUE">19</attwidth><atprecis Sync="TRUE">0</atprecis><attscale Sync="TRUE">0</attscale></attr><attr><attrlabl Sync="TRUE">NORTHING</attrlabl><attalias Sync="TRUE">NORTHING</attalias><attrtype Sync="TRUE">Double</attrtype><attwidth Sync="TRUE">19</attwidth><atprecis Sync="TRUE">0</atprecis><attscale Sync="TRUE">0</attscale></attr><attr><attrlabl Sync="TRUE">P_INPUT</attrlabl><attalias Sync="TRUE">P_INPUT</attalias><attrtype Sync="TRUE">Double</attrtype><attwidth Sync="TRUE">19</attwidth><atprecis Sync="TRUE">0</atprecis><attscale Sync="TRUE">0</attscale></attr><attr><attrlabl Sync="TRUE">PRI</attrlabl><attalias Sync="TRUE">PRI</attalias><attrtype Sync="TRUE">Double</attrtype><attwidth Sync="TRUE">19</attwidth><atprecis Sync="TRUE">0</atprecis><attscale Sync="TRUE">0</attscale></attr><attr><attrlabl Sync="TRUE">LOC_SUB__1</attrlabl><attalias Sync="TRUE">LOC_SUB__1</attalias><attrtype Sync="TRUE">Double</attrtype><attwidth Sync="TRUE">19</attwidth><atprecis Sync="TRUE">0</atprecis><attscale Sync="TRUE">0</attscale></attr><attr><attrlabl Sync="TRUE">LOC_SUB__2</attrlabl><attalias Sync="TRUE">LOC_SUB__2</attalias><attrtype Sync="TRUE">Double</attrtype><attwidth Sync="TRUE">19</attwidth><atprecis Sync="TRUE">0</atprecis><attscale Sync="TRUE">0</attscale></attr><attr><attrlabl Sync="TRUE">COMMENT</attrlabl><attalias Sync="TRUE">COMMENT</attalias><attrtype Sync="TRUE">String</attrtype><attwidth Sync="TRUE">32</attwidth><atprecis Sync="TRUE">0</atprecis><attscale Sync="TRUE">0</attscale></attr><attr><attrlabl Sync="TRUE">STREAM</attrlabl><attalias Sync="TRUE">STREAM</attalias><attrtype Sync="TRUE">Integer</attrtype><attwidth Sync="TRUE">10</attwidth><atprecis Sync="TRUE">10</atprecis><attscale Sync="TRUE">0</attscale></attr><attr><attrlabl Sync="TRUE">STREAM_CON</attrlabl><attalias Sync="TRUE">STREAM_CON</attalias><attrtype Sync="TRUE">Integer</attrtype><attwidth Sync="TRUE">10</attwidth><atprecis Sync="TRUE">10</atprecis><attscale Sync="TRUE">0</attscale></attr><attr><attrlabl Sync="TRUE">STREAM_M</attrlabl><attalias Sync="TRUE">STREAM_M</attalias><attrtype Sync="TRUE">Double</attrtype><attwidth Sync="TRUE">19</attwidth><atprecis Sync="TRUE">0</atprecis><attscale Sync="TRUE">0</attscale></attr><attr><attrlabl Sync="TRUE">LENGTH_OUT</attrlabl><attalias Sync="TRUE">LENGTH_OUT</attalias><attrtype Sync="TRUE">Double</attrtype><attwidth Sync="TRUE">19</attwidth><atprecis Sync="TRUE">0</atprecis><attscale Sync="TRUE">0</attscale></attr><attr><attrlabl Sync="TRUE">SUBCAT</attrlabl><attalias Sync="TRUE">SUBCAT</attalias><attrtype Sync="TRUE">String</attrtype><attwidth Sync="TRUE">16</attwidth><atprecis Sync="TRUE">0</atprecis><attscale Sync="TRUE">0</attscale></attr><attr><attrlabl Sync="TRUE">SUBID2006</attrlabl><attalias Sync="TRUE">SUBID2006</attalias><attrtype Sync="TRUE">Double</attrtype><attwidth Sync="TRUE">19</attwidth><atprecis Sync="TRUE">0</atprecis><attscale Sync="TRUE">0</attscale></attr><attr><attrlabl Sync="TRUE">DRAIN2</attrlabl><attalias Sync="TRUE">DRAIN2</attalias><attrtype Sync="TRUE">Integer</attrtype><attwidth Sync="TRUE">10</attwidth><atprecis Sync="TRUE">10</atprecis><attscale Sync="TRUE">0</attscale></attr><attr><attrlabl Sync="TRUE">LENGTH</attrlabl><attalias Sync="TRUE">LENGTH</attalias><attrtype Sync="TRUE">Integer</attrtype><attwidth Sync="TRUE">10</attwidth><atprecis Sync="TRUE">10</atprecis><attscale Sync="TRUE">0</attscale></attr><attr><attrlabl Sync="TRUE">LENGTH_UPP</attrlabl><attalias Sync="TRUE">LENGTH_UPP</attalias><attrtype Sync="TRUE">Integer</attrtype><attwidth Sync="TRUE">10</attwidth><atprecis Sync="TRUE">10</atprecis><attscale Sync="TRUE">0</attscale></attr><attr><attrlabl Sync="TRUE">CENTROIDX</attrlabl><attalias Sync="TRUE">CENTROIDX</attalias><attrtype Sync="TRUE">Double</attrtype><attwidth Sync="TRUE">19</attwidth><atprecis Sync="TRUE">0</atprecis><attscale Sync="TRUE">0</attscale></attr><attr><attrlabl Sync="TRUE">CENTROIDY</attrlabl><attalias Sync="TRUE">CENTROIDY</attalias><attrtype Sync="TRUE">Double</attrtype><attwidth Sync="TRUE">19</attwidth><atprecis Sync="TRUE">0</atprecis><attscale Sync="TRUE">0</attscale></attr><attr><attrlabl Sync="TRUE">CATCH</attrlabl><attalias Sync="TRUE">CATCH</attalias><attrtype Sync="TRUE">Double</attrtype><attwidth Sync="TRUE">19</attwidth><atprecis Sync="TRUE">0</atprecis><attscale Sync="TRUE">0</attscale></attr><attr><attrlabl Sync="TRUE">LEGTH_CONN</attrlabl><attalias Sync="TRUE">LEGTH_CONN</attalias><attrtype Sync="TRUE">Integer</attrtype><attwidth Sync="TRUE">10</attwidth><atprecis Sync="TRUE">10</atprecis><attscale Sync="TRUE">0</attscale></attr><attr><attrlabl Sync="TRUE">Receiv_WW</attrlabl><attalias Sync="TRUE">Receiv_WW</attalias><attrtype Sync="TRUE">Integer</attrtype><attwidth Sync="TRUE">10</attwidth><atprecis Sync="TRUE">10</atprecis><attscale Sync="TRUE">0</attscale></attr></detailed></eainfo><mdDateSt Sync="TRUE">20190904</mdDateSt></metadata>
